lift to drag ratio,beta,apoapsis,delta_v,exit_velocity,g_load_max,heat_flux_max,convective_heat_max,radiative_heat_max
0.9473684210526315,40.0,492609.4484783693,132.04887231405382,3523.574522684801,8.975686240596932,430.57209752250736,155.40139159764627,276.0169562992235
1.0526315789473684,40.0,500000.12332458864,132.07905418904875,3527.0327358807385,9.463145525218394,430.794148004339,155.46065018936903,276.10898976636696
1.1578947368421053,40.0,499999.854179841,131.14553441573344,3527.806364040338,10.006225261443678,432.2986460324868,155.75276782070017,277.13117783316756
1.263157894736842,40.0,500000.0983198924,130.53726549631256,3528.191794788293,10.57942433317884,433.172921901421,155.7915376149567,278.1386682661425
1.3684210526315788,40.0,499999.8678796324,129.49214818903465,3529.333610279054,11.138085199823243,431.8563081961431,155.59161894697013,277.28568813953035
1.4736842105263157,40.0,499999.84111619194,128.6266427580972,3530.007231217862,11.807992513746829,437.57299220898244,156.5970866362426,281.5999845438933
1.5789473684210527,40.0,499999.74393920717,129.45254099097338,3529.265259005546,12.206521987758032,432.5631741250205,155.8099951977273,277.2233228291717
1.6842105263157894,40.0,500000.041758759,128.1724875768109,3530.7309883993507,12.831025894668775,428.62004122700887,154.82837864676455,274.98613282096267
1.789473684210526,40.0,499999.8565509175,128.60574694915613,3530.1335279488103,13.66783008751332,443.59248954873703,157.64982897210777,286.2645706983151
1.894736842105263,40.0,500000.4463200126,127.28543491555547,3531.3808089483946,14.213165288600072,438.0943321956509,156.7770540820647,281.7886857780514
2.0,40.0,499999.8470357317,127.71045937188819,3530.800130074404,14.669216548546578,431.5066455286212,155.54150961995978,276.8863659222576
0.9473684210526315,40.204081632653065,499999.96011535404,132.27459251195341,3526.9813239473574,8.94098804403448,431.00150947970656,155.48646526501082,276.47199365838424
1.0526315789473684,40.204081632653065,499999.94147546776,131.5562783232608,3527.2042707565256,9.472200428207326,432.9077631416869,155.83998950591084,278.00819963419343
1.1578947368421053,40.204081632653065,500000.05742429756,130.31696710178994,3528.723059672274,10.042099925354377,434.85302584504484,156.1832648771678,279.5325284381835
1.263157894736842,40.204081632653065,500000.1808031099,130.3200762899546,3528.673701507754,10.539193928267112,433.1399539604333,155.68976185867805,278.6445958935757
1.3684210526315788,40.204081632653065,499999.9747899803,129.6159533373002,3529.0478065618768,10.961091725918074,430.0111795076831,155.3777509470939,275.3257907066286
1.4736842105263157,40.204081632653065,499999.9069435605,128.6916749650568,3529.9798707830237,11.63266343755582,435.6723052120601,156.37622023529158,279.63798253670393
1.5789473684210527,40.204081632653065,499999.9756936695,127.25803817371889,3530.9689316628896,12.267051286725685,437.9181816154147,156.69311640191484,281.557532665414
1.6842105263157894,40.204081632653065,499999.80886845867,127.91266683702133,3530.6954511049616,12.61672932884586,426.33418590328824,154.61868696172365,273.0506223804571
1.789473684210526,40.204081632653065,499999.9768609288,127.20514785389832,3531.0786879962147,13.58740522434064,441.63341245790104,157.42287189159308,284.5948549529987
1.894736842105263,40.204081632653065,499999.88364327856,126.49522207870268,3531.7582598453328,14.004133303435506,436.19259558891304,156.55679559830534,280.16905435115234
2.0,40.204081632653065,499999.93407849903,127.54291889942442,3530.6242143426125,14.776586774285184,436.66981103857665,156.405100018279,281.5571895858531
0.9473684210526315,40.40816326530612,495782.1101468989,132.18692334054185,3524.999663710709,8.896407396782058,430.8697991654251,155.46515262812383,276.4889927712681
1.0526315789473684,40.40816326530612,499999.76459165197,131.11142745289726,3527.3682129321596,9.477548266576202,434.7641244331494,156.16786049806475,279.7207180003467
1.1578947368421053,40.40816326530612,499999.8549498403,130.39062048464666,3528.4862811210264,9.9856149213012,436.92202817773216,156.51996482498583,281.0621126402251
1.263157894736842,40.40816326530612,499999.79321732937,130.16889406040946,3528.2424342454333,10.492348442906701,432.6629111728257,155.47489750579493,278.2093651937387
1.3684210526315788,40.40816326530612,499999.8885200992,129.68149412348885,3528.9956765231077,11.03774472311651,433.70762291660884,156.0146368649155,278.6388444560396
1.4736842105263157,40.40816326530612,499999.8870368114,128.85470903741452,3529.613701540246,11.677680346853375,437.37077135314274,156.55556349980526,281.7123392407498
1.5789473684210527,40.40816326530612,499999.98032621463,127.29408416428078,3530.916086953829,12.180969167556695,436.0219265156126,156.4736217142551,280.1414608340662
1.6842105263157894,40.40816326530612,499999.632357792,127.83617594628777,3530.841806175134,12.595614242410337,427.9597305464607,154.94266099752903,274.35407091863243
1.789473684210526,40.40816326530612,500000.02786877815,127.34776938840378,3530.9371998051047,13.41420660397111,439.703715546147,157.1983684859012,282.9512875633706
1.894736842105263,40.40816326530612,499999.944281323,126.37102549583278,3532.0248916713435,14.14565284211854,443.5918739726625,157.73373297241727,286.21784610002703
2.0,40.40816326530612,499999.86642937496,127.36136709920675,3531.0004740812224,14.635140661663383,434.7780626318106,156.18643925681653,279.5465557773397
0.9473684210526315,40.61224489795919,499999.77092234645,132.21142718731107,3526.371173221288,8.878472687029024,431.16653999742886,155.32030433390472,276.9179856328297
1.0526315789473684,40.61224489795919,499999.9417885787,130.78729036730738,3528.0867309155733,9.35986366595548,432.89801076264905,155.951949390971,277.7502267334972
1.1578947368421053,40.61224489795919,499999.9479567759,130.0056554836442,3528.6048828748817,9.909010498568874,435.0374350312486,156.301514002493,279.56806716269296
1.263157894736842,40.61224489795919,499999.9278459055,129.85040263926612,3528.9417733987825,10.415865666011724,430.98895198226205,155.26236543132472,276.7705644419671
1.3684210526315788,40.61224489795919,500000.3169466587,129.4981263348277,3529.380720342221,11.033127226376678,437.75802791137386,156.69807944984197,281.70817821630925
1.4736842105263157,40.61224489795919,499999.8766777485,128.3020700818215,3530.116438717625,11.693167522526803,438.2446989664986,156.5388877057453,282.7823682840002
1.5789473684210527,40.61224489795919,500000.0317927002,126.64418455581381,3531.5749261227234,12.237799010060217,441.51856280819425,157.36538503636854,284.5083560771747
1.6842105263157894,40.61224489795919,499999.8973734145,127.66869700916914,3530.5008294089753,12.505381218447896,428.15669565855535,155.05323060663233,274.37199543246396
1.789473684210526,40.61224489795919,499999.8476688155,126.35788943558782,3531.9611020755965,13.449090798096554,443.836003598116,157.76109898942698,286.2805984568464
1.894736842105263,40.61224489795919,499999.90653233946,126.30250705096614,3532.154256279384,14.0841420557278,441.648209502886,157.50887925076077,284.5615081656473
2.0,40.61224489795919,499999.6771644582,127.23562836799647,3531.3193762383476,14.414610852245888,432.9146574147537,155.97013880860445,277.5701560240493
0.9473684210526315,40.816326530612244,499999.969019485,131.23161548289954,3527.4142336022355,8.79596379905092,429.25768010903346,155.10968363939716,275.2896828615779
1.0526315789473684,40.816326530612244,500000.0475815928,130.83966825533025,3527.9049493013313,9.342969442603565,434.31966189998934,156.1994498819384,279.1308115821674
1.1578947368421053,40.816326530612244,500000.14898290375,129.7622352189651,3529.128171906285,9.915176254994128,436.42668920704955,156.51200836514,281.06482306793174
1.263157894736842,40.816326530612244,499999.8633061232,129.78645932601694,3529.0581917550835,10.268663532288524,428.7003033421776,155.05213022936692,274.83315801419724
1.3684210526315788,40.816326530612244,499999.93702894484,128.90875981392264,3529.8009481766876,10.959284303523086,435.87224124172565,156.47976457180974,280.32876006445133
1.4736842105263157,40.816326530612244,499999.9481369883,128.07991501474953,3530.4894867829394,11.512138047169104,435.87627110802157,156.25773556096124,280.77331704393254
1.5789473684210527,40.816326530612244,499999.809221757,126.99067981230473,3531.5489274980964,12.167604536117599,439.60065239641216,157.1432117792572,283.2364751996878
1.6842105263157894,40.816326530612244,500000.1129817513,127.66854996177426,3531.1585824989493,12.644552064061457,433.19083423791517,155.85184651442194,278.5968539996326
1.789473684210526,40.816326530612244,499999.85377524735,127.34608668971578,3531.0821826625315,13.362107144495395,441.8916794147875,157.53491066131758,284.7634189638401
1.894736842105263,40.816326530612244,499999.9704849812,126.10849925173761,3531.924056622591,13.880514297536964,439.73350507126986,157.28642942997016,282.9309398868065
2.0,40.816326530612244,499999.7096943091,127.21247650813166,3531.2865810626963,14.607352768092277,439.08742798348106,156.98465859177355,283.2176472793827
0.9473684210526315,41.02040816326531,499999.8885282404,131.19103403210602,3527.4987892421314,8.719342033089944,428.67243146724854,155.13022538046823,274.7639177943894
1.0526315789473684,41.02040816326531,500000.1587469538,130.63929865873388,3528.352418069196,9.325396970061846,435.1924275641017,156.34241546595533,280.0778580803612
1.1578947368421053,41.02040816326531,499999.85550337227,129.753108114508,3529.078996415416,9.901025232782482,437.33521964788883,156.56981226796805,281.9299416966877
1.263157894736842,41.02040816326531,499999.97806466534,129.44562940819924,3529.035714444242,10.210217329919416,429.2043533609732,155.2212146380698,275.20922385216767
1.3684210526315788,41.02040816326531,499999.75855870347,127.98037421595564,3530.8518184942377,10.965395220019984,440.01742344222765,157.1689193424816,283.5403820329338
1.4736842105263157,41.02040816326531,500000.3013520224,127.90470641926822,3530.8902025786515,11.486584221355827,435.8460020759503,156.11698256233106,280.6774218827495
1.5789473684210527,41.02040816326531,499999.61053813715,126.45447523364874,3531.994502171952,12.034501202509123,437.70455944736534,156.92341399529687,281.2395579685988
1.6842105263157894,41.02040816326531,499999.78695889364,127.38247236533743,3531.1289307617026,12.447324604500865,431.02323890782964,155.63861242228143,276.6425371773639
1.789473684210526,41.02040816326531,500000.3234006806,126.132635626087,3532.457751136189,13.219105541597422,439.9614099046346,157.311163779955,282.98083509612024
1.894736842105263,41.02040816326531,499999.9396423331,126.0048859198896,3532.089419728226,14.018714189801672,446.91339732437143,158.4079437718294,288.795079961679
2.0,41.02040816326531,499999.9235439363,127.00753748876696,3531.809886638421,14.430412431551785,437.19211883790626,156.765058817756,281.2109043916478
0.9473684210526315,41.224489795918366,500000.0772710112,130.5079854673054,3528.036890993122,8.701546564411007,430.15946731625615,155.43079531517202,275.9510836676834
1.0526315789473684,41.224489795918366,500000.11631224776,129.81625094795845,3529.135803318663,9.291933423531217,435.6664129166605,156.35739654752183,280.4941372661326
1.1578947368421053,41.224489795918366,499999.9935779844,129.50918842303236,3528.92780751104,9.74940156922448,435.1366800029248,156.35244241833522,279.94871463080955
1.263157894736842,41.224489795918366,499999.89612051647,129.4088332523479,3529.102637296244,10.187651394560916,430.6455254697328,155.51601229204158,276.35932071500844
1.3684210526315788,41.224489795918366,499999.8656835191,127.24268554333139,3531.3613398772504,10.890623720185891,438.1096660094358,156.9492796876717,282.1548501130731
1.4736842105263157,41.224489795918366,499999.8709153911,127.47516811574678,3531.1582455494554,11.424774202631893,434.3039971594201,155.83745678179247,279.34620881609465
1.5789473684210527,41.224489795918366,499999.7964001065,126.40570900923831,3532.084638296243,12.072975219455142,442.9934918076008,157.7687188396963,285.4965129671587
1.6842105263157894,41.224489795918366,499999.7127635665,127.33114927907354,3531.193401056313,12.487275413730423,433.8731747068531,156.13936779484237,279.0713762401896
1.789473684210526,41.224489795918366,500000.0484513132,125.28653475764713,3532.76660188705,13.280628417326326,442.57491494329486,157.58994526813433,285.94343910117703
1.894736842105263,41.224489795918366,499999.81101593893,125.88433485034739,3532.459269558081,13.83291939486803,444.9582111849495,158.18104815922837,287.12923081866865
2.0,41.224489795918366,499999.8722234794,126.82623934255707,3531.5149538949963,14.51932509768354,444.2362649691652,157.9014218510358,286.73936752875215
0.9473684210526315,41.42857142857143,499999.8506740009,130.1666590968407,3528.69723330555,8.705974847322826,432.3636616273202,155.8240849413503,277.7285802762375
1.0526315789473684,41.42857142857143,499999.74609349045,128.92119313274907,3529.3741068664585,9.240924767204824,435.5137736372407,156.2400797896138,280.30224802726855
1.1578947368421053,41.42857142857143,499999.9422780013,128.68665515271596,3529.818682594333,9.713693696511013,435.2479679304306,156.23533043196824,280.08626917757385
1.263157894736842,41.42857142857143,500000.0054645315,127.77704276342274,3530.5800949644586,10.132818668012511,431.1781786759142,155.68577950536687,276.7566366804627
1.3684210526315788,41.42857142857143,500000.02185874805,133.52087034399574,3525.5469051092077,10.731335978066378,436.23036753753956,156.7319798551442,280.18298519333473
1.4736842105263157,41.42857142857143,499999.89009191806,127.59922739805143,3530.868685052204,11.252602486090039,432.00037321782474,155.61568661245437,277.3960424770357
1.5789473684210527,41.42857142857143,499999.8735936879,125.92390581930613,3532.55879674177,12.022075545088143,441.06567393789805,157.54636368673903,284.2288978560834
1.6842105263157894,41.42857142857143,499999.7927383106,127.29244485722984,3531.47039567706,12.574415082515886,437.95091519159234,156.7807126108557,282.4015790339402
1.789473684210526,41.42857142857143,499999.81601454574,125.10839607898652,3533.1599728793144,13.146903677691906,440.6422230540188,157.3665046180421,283.92424070098855
1.894736842105263,41.42857142857143,500000.3734874107,125.70892279405598,3532.855722654873,13.758044376882859,443.01756119928814,157.95656412023865,285.47472576270485
2.0,41.42857142857143,500000.01352904376,126.51815762214983,3531.550541429115,14.504830126246386,442.29319970919585,157.67778943351962,285.68356237152045
0.9473684210526315,41.63265306122449,499999.997933266,130.63351643556462,3527.8801270813133,8.660959413064761,432.90627164742216,155.99035056189334,278.1307333519638
1.0526315789473684,41.63265306122449,499999.8651843685,129.6102757988824,3528.86186320967,9.187532056340356,434.54799370563535,156.0456325351327,279.4440693960056
1.1578947368421053,41.63265306122449,500000.0360534938,128.64321664079853,3529.9395775002276,9.657045443892613,434.53160163962355,156.05633081798743,279.43186707365743
1.263157894736842,41.63265306122449,499999.918984716,127.73050227139356,3530.6989973855,10.106564036720721,432.42142400683656,155.94995931906035,277.7408649189741
1.3684210526315788,41.63265306122449,499999.9927832188,129.81820342274114,3528.680484350582,10.822587688141244,440.1934244981029,157.38222855555142,283.90309560024355
1.4736842105263157,41.63265306122449,499999.9381196495,127.72439637884827,3530.709753371346,11.152183204685514,430.30277430556066,155.48397705196618,275.9499623503169
1.5789473684210527,41.63265306122449,499999.9092600111,125.7641436834715,3532.23917115651,11.840993153713585,439.1665282635124,157.32636836157715,282.24345780104017
1.6842105263157894,41.63265306122449,499999.88689597225,126.94873022690217,3531.369998465339,12.382598869953004,435.6751952506225,156.56416373954195,280.4221925381273
1.789473684210526,41.63265306122449,499999.7340338689,124.99784444340503,3533.423965626466,13.164802165700559,442.18124949830167,157.46642711682705,285.77842612066127
1.894736842105263,41.63265306122449,499999.81566707103,125.60177487290639,3533.087122753352,13.671881612011845,441.1018112990391,157.734456164516,284.3366985532097
2.0,41.63265306122449,499999.74851201504,126.26004175094658,3532.095329512533,14.274756944176447,440.374443767505,157.45653642312314,283.67088853658777
0.9473684210526315,41.83673469387755,499999.9181897885,129.73344278469813,3528.847280946161,8.628154248362726,433.75310412939155,156.19359698841455,278.78274502704943
1.0526315789473684,41.83673469387755,499999.97716305655,128.67268639348458,3529.8981407516,9.099279740973625,432.71671140916413,155.79855576923651,277.8800804383953
1.1578947368421053,41.83673469387755,499999.79010738287,127.40781575094525,3531.4501968128966,9.58692130647544,432.78461740649004,155.80844562471046,277.9365707099943
1.263157894736842,41.83673469387755,499999.8787295777,127.12357185214978,3531.184085076234,10.100572397057714,434.3750880583045,156.30708883208575,279.3115928064637
1.3684210526315788,41.83673469387755,499999.98659033224,126.76761603163004,3531.606047782787,10.671515056869916,438.3078836209254,157.1636915328796,281.9250507873981
1.4736842105263157,41.83673469387755,499999.93079213443,127.31843460802338,3531.4842552369373,11.157802254347024,432.807657428683,155.922532950685,277.98322456174213
1.5789473684210527,41.83673469387755,500000.0508172382,126.28028840698744,3531.867956250811,11.999472038154636,443.9510676973996,158.07449068200106,286.8762791480764
1.6842105263157894,41.83673469387755,499999.86713626434,126.7808254526226,3531.7597583098136,12.51132922210281,440.66750039949983,157.3283344247692,284.55743529282387
1.789473684210526,41.83673469387755,500000.35511592287,124.95475877257923,3533.5324993130916,13.02364256214931,439.8108321577895,157.18057639337422,283.7681085044769
1.894736842105263,41.83673469387755,499999.8040534104,125.37766118813124,3533.0793321006827,13.694800381058748,447.6151934247971,158.72978879055557,289.1480809495973
2.0,41.83673469387755,499999.9932546863,126.32895827192215,3531.8950292426753,14.065541407467116,438.48420072529996,157.23762758795152,281.6919192876721
0.9473684210526315,42.04081632653061,500000.03178660723,129.2236285612007,3529.119954796953,8.604879320270888,434.80381918000205,156.41844952601886,279.6012706557558
1.0526315789473684,42.04081632653061,499999.6995570861,128.37536687693546,3529.8766679344058,9.00895502533272,431.6971142056697,155.7583030251354,276.99607257320474
1.1578947368421053,42.04081632653061,500000.08651610324,127.47415052959423,3531.298431084109,9.496784836951774,431.3937374246591,155.71772475564433,276.74517473720005
1.263157894736842,42.04081632653061,500000.21274179313,126.79549173811711,3531.8801023188134,10.120391287781235,436.98283534518885,156.74724523898652,281.42217900206464
1.3684210526315788,42.04081632653061,500000.03535294684,125.8045813831277,3532.287463918517,10.74686805432662,441.8820557989183,157.73714251917104,285.3626869238458
1.4736842105263157,42.04081632653061,499999.8109431969,125.3884689374313,3533.005508559842,11.1217601407962,433.1745397053846,156.06910051477328,278.24523385426437
1.5789473684210527,42.04081632653061,499999.87772597495,125.51730130927444,3532.8053114804907,11.816273135880483,442.0356718051801,157.852330993621,284.871969653987
1.6842105263157894,42.04081632653061,500000.0047609998,125.76609502680276,3532.4596216593413,12.321815396024135,438.34783184561724,157.11013028905296,282.56717967165565
1.789473684210526,42.04081632653061,499999.9932363248,124.37518483230815,3534.1972175890673,13.008170067526708,440.36577888639255,157.07719124725168,284.15283111155094
1.894736842105263,42.04081632653061,499999.7213579337,125.3751251025933,3532.948978601616,13.62164190344468,445.66448238068256,158.50377185167622,287.5922240813136
2.0,42.04081632653061,500000.0134448444,125.90254715033689,3532.206889162016,14.202108838004724,445.9814977147202,158.43427489498472,287.78307660295235
0.9473684210526315,42.244897959183675,499999.85920743155,129.50533714434005,3529.3013371791317,8.57853196281049,435.9394026835421,156.64647191614736,280.48766879081705
1.0526315789473684,42.244897959183675,500000.12848809565,128.43187526979727,3530.390741233308,8.97836547847948,432.81262565456814,156.00628920772738,277.8785430224878
1.1578947368421053,42.244897959183675,500000.08619966847,127.89704824615683,3530.5868748639477,9.511094850609577,433.8048082593899,156.14147695044224,278.70035155759894
1.263157894736842,42.244897959183675,499999.84443450335,127.65152783415078,3530.9622851087024,9.991544269403382,434.686751756421,156.5333843965488,279.47795627404224
1.3684210526315788,42.244897959183675,499999.91263760487,126.26834894269086,3532.1754602822866,10.613627214294603,439.9932749854017,157.51767327365783,283.3811121078142
1.4736842105263157,42.244897959183675,500000.2419305938,126.8733771838456,3531.744281806622,11.085164495287259,434.35443682547776,156.32419584284267,279.1794741544189
1.5789473684210527,42.244897959183675,499999.9130173279,125.44424926983993,3532.9373681517563,11.826253486867367,446.0795176384278,158.45861238910658,288.19516996699866
1.6842105263157894,42.244897959183675,499999.71397495724,127.40184961249952,3531.3753383407466,12.357763414122516,443.5720931088067,157.96923177647324,286.5824645574952
1.789473684210526,42.244897959183675,500000.0277904043,128.32121866787838,3530.049893984071,12.944503681599228,439.015200352258,156.79571014646694,282.98708589870154
1.894736842105263,42.244897959183675,499999.99611542234,125.11491371644752,3532.9819533602854,13.455838040183256,443.742565961162,158.28013671903156,285.8478821632059
2.0,42.244897959183675,499999.89179583645,125.75055570038057,3532.520752784619,14.15772279132561,444.0495070795504,158.21092051065412,286.6597304464439
0.9473684210526315,42.44897959183673,500000.0560884711,129.26410903056558,3529.089124506525,8.55950830187389,437.03294718252914,156.85760896795986,281.3369537791298
1.0526315789473684,42.44897959183673,500000.0996399537,127.05460736702526,3531.6059674366948,8.984356565235913,434.99581594209064,156.39534736047491,279.6422784590012
1.1578947368421053,42.44897959183673,500000.1471362922,126.91907601694629,3531.759270201811,9.442690796396858,433.9043873565011,156.2502774139979,278.7409703440159
1.263157894736842,42.44897959183673,500000.0526698552,126.59850974864548,3531.5772199001267,10.017322792184016,437.80792917086967,157.03575841206734,282.01040107191943
1.3684210526315788,42.44897959183673,500000.0079841249,125.74769506126404,3532.3382678361195,10.656565148762295,443.0563216468133,157.97425449315324,286.3400466165717
1.4736842105263157,42.44897959183673,500000.3256120769,124.70395002191299,3533.7047602524276,11.086919408632077,436.4104032138175,156.69507960764102,280.8379639005934
1.5789473684210527,42.44897959183673,500000.2464617161,125.3241497080594,3533.193780424808,11.772198501262963,444.1541431438768,158.2349739940874,286.92122588662124
1.6842105263157894,42.44897959183673,499999.8691848184,125.77663036788772,3532.6688499205384,12.296100729226866,441.8078311502085,157.74880009095992,285.35821624710616
1.789473684210526,42.44897959183673,500000.3285885372,124.0337583083633,3534.380563404068,12.829421274970002,436.69703343612576,156.5173599616061,281.0160976992279
1.894736842105263,42.44897959183673,499999.6844525512,125.02092293615442,3533.272800614338,13.536046795829758,449.2980156593426,159.09410881509632,290.3589443522192
2.0,42.44897959183673,499999.9693644486,124.72080306939824,3533.2652398343876,13.956393706673738,442.1459990547345,157.98991263476663,284.6682907143108
0.9473684210526315,42.6530612244898,500000.055850846,129.39188004572543,3529.0473954517947,8.52970983445773,437.9598955733494,157.03154208343085,282.04632990954576
1.0526315789473684,42.6530612244898,499999.94352589065,128.03224457422175,3530.5847726354364,8.951522930518438,435.7028116131801,156.58299949135554,280.18346966542225
1.1578947368421053,42.6530612244898,499999.91792423825,126.68058341196911,3531.6563948890234,9.396545392594403,434.60413448717304,156.43846050871608,279.2773401797869
1.263157894736842,42.6530612244898,500000.2768317885,126.3223279203603,3532.2643228488228,10.05856458484134,441.3002775405773,157.57632466376134,284.84844926389525
1.3684210526315788,42.6530612244898,499999.9023096343,127.34253373323554,3531.112691838738,10.547227487027447,441.06431336000867,157.7544082995159,284.35963840758893
1.4736842105263157,42.6530612244898,500000.30859904416,126.43324484154482,3532.2205297618507,11.092906723784363,439.348913408449,157.18029583643568,283.22632879774295
1.5789473684210527,42.6530612244898,499999.8890217724,125.12103799637862,3533.087088077673,11.604039202118443,442.2570759694207,158.01369212880346,284.93722313540803
1.6842105263157894,42.6530612244898,499999.99368296243,125.22836580863486,3532.881315303118,12.140941978609863,439.7892669391215,157.53068736400988,283.38277737550425
1.789473684210526,42.6530612244898,500000.0606868826,123.91315877584839,3533.9615541733074,12.616489090572133,434.41576958267615,156.2421791835579,279.0865002118069
1.894736842105263,42.6530612244898,500000.37281641795,124.88928235768071,3533.535961339884,13.465171058269437,447.3492564907208,158.8674526732904,289.15829039964547
2.0,42.6530612244898,499999.8232008739,125.18153591234886,3533.067843440398,14.10575671638892,449.8069400880223,159.1945739617481,290.9223448552481
0.9473684210526315,42.857142857142854,496239.3979161016,130.09642687923588,3527.0485847976292,8.494239999997184,438.60602670035826,157.14873522914493,282.52187516363966
1.0526315789473684,42.857142857142854,500000.0546455788,127.04708315284779,3531.684621165673,8.923843873868583,436.86568246935224,156.82868365756875,281.10031669341265
1.1578947368421053,42.857142857142854,499999.68658846663,126.55136518592826,3531.9007349762396,9.373156672949365,435.90075578198025,156.70461130541707,280.3062593306481
1.263157894736842,42.857142857142854,499999.9436528674,126.2043862208975,3532.5216425973936,9.952464241876228,438.98388588379794,157.35991177310999,282.88605781865954
1.3684210526315788,42.857142857142854,500000.1683189058,125.43222320548148,3533.0825142530944,10.55882316878934,443.6008498005266,158.05709297850424,286.6688133799407
1.4736842105263157,42.857142857142854,499999.7998453921,124.81098387901375,3533.5348346202436,10.947570638154106,437.0479796572576,156.96576054503763,281.27829668988085
1.5789473684210527,42.857142857142854,499999.86119805905,125.08526340331446,3533.126506416725,11.699612776133371,445.4110052571024,158.4291401973382,288.180009227482
1.6842105263157894,42.857142857142854,499999.8722110622,124.24068700663292,3533.9049919512418,12.200565899569243,445.396234302577,158.4409359218255,287.80997620728306
1.789473684210526,42.857142857142854,499999.8961657565,123.7953865778477,3534.2932458088544,12.525623302405073,434.4909952004758,156.3488320535894,279.1103437371786
1.894736842105263,42.857142857142854,499999.98571880197,124.61551710135564,3533.5045703722817,13.33340284865372,445.4290863961736,158.64317769081217,287.15795029384776
2.0,42.857142857142854,499999.71658875566,125.1280028939832,3533.185774857309,14.060409275131281,447.85986501937157,158.96896393091595,289.8626909190993
1.0526315789473684,43.06122448979592,499999.691460114,126.5140760518857,3532.0357001745997,8.909185519536756,438.3985950780282,157.11907906672403,282.3214326700443
1.1578947368421053,43.06122448979592,500000.2223228783,126.440230209525,3532.1418471968914,9.368122552301113,437.743219691415,157.0401834655048,281.7852020452046
1.263157894736842,43.06122448979592,499999.8911941804,125.97142130337988,3532.44467711157,9.976634048920884,442.61485605271434,157.90456018380414,285.835202776662
1.3684210526315788,43.06122448979592,499999.83989452204,125.45583536767936,3533.2133655516204,10.505835672801062,444.81034520647484,158.29920431621167,287.60337239713675
1.4736842105263157,43.06122448979592,500000.0309170009,123.98304977986982,3533.9009940951587,11.018936152298146,440.7730963013622,157.55072036241324,284.3155603220783
1.5789473684210527,43.06122448979592,499999.87567579345,125.27051918191273,3532.8929115005626,11.531124046833574,443.3763243360687,158.20745036864568,286.1911650225935
1.6842105263157894,43.06122448979592,499999.7805140539,124.3321636866358,3534.0281683285216,12.130842114807967,443.4968357379795,158.22024124798872,286.5895892811692
1.789473684210526,43.06122448979592,499999.909784423,123.69708566355439,3534.5258383993505,12.520505076798813,436.3701668991266,156.69821544987235,280.6272461877875
1.894736842105263,43.06122448979592,500000.3388168587,124.44348797051771,3533.9474841467504,13.342764620287436,449.7080883104801,159.21867744179607,290.82966755233326
2.0,43.06122448979592,499999.7302163326,124.28085311271207,3534.191544318181,13.864148612074143,445.941283797698,158.74570638666606,287.85595474081873
1.0526315789473684,43.265306122448976,499999.98988039425,126.22611373555765,3531.9696425525453,8.903600160588583,440.1813263032855,157.43565476690125,283.7470669437294
1.1578947368421053,43.265306122448976,499999.9475874852,126.18298092619352,3532.0794798092566,9.378720254916386,440.0321357886202,157.42941995067233,283.63175132716793
1.263157894736842,43.265306122448976,499999.8609058063,125.8994453381024,3532.553433044031,9.859379128668417,440.30294317706733,157.6877870713538,283.8767928294671
1.3684210526315788,43.265306122448976,500000.2225857102,125.54423767283379,3533.019001162079,10.440222579612524,443.1984558378581,158.0152997080115,286.2157381087241
1.4736842105263157,43.265306122448976,499999.8949720637,126.1968326804058,3532.0268640546547,10.848804999940823,438.4749895706295,157.33565849968102,282.3699173004427
1.5789473684210527,43.265306122448976,499999.98356372403,124.8704011610771,3533.731651723349,11.593451715405488,445.92058433398915,158.48554875269332,288.4751985815445
1.6842105263157894,43.265306122448976,499999.9628846771,123.08254954326003,3534.9574961367557,12.007852115454073,441.6251236870104,158.00184643492813,284.6234988683497
1.789473684210526,43.265306122448976,499999.72972347576,127.56306610656748,3530.9760948481535,12.478930785476269,437.4321127051907,156.9355476828478,281.4666172616706
1.894736842105263,43.265306122448976,500000.3910931971,124.41542837612997,3533.978370940224,13.289545243122829,447.77247604576735,158.99274252471582,289.72416047272
2.0,43.265306122448976,500000.01449953904,124.26835592285033,3534.2599111165755,13.916214959602232,453.38040112942224,159.8941013222429,293.5823372584652
1.0526315789473684,43.46938775510204,500000.10345775186,130.0947068459359,3528.909159853426,8.902570132571862,442.06988113378816,157.76201436647472,285.257868772629
1.1578947368421053,43.46938775510204,500000.0238779939,126.11308735308012,3532.2362955154367,9.401351460897686,442.6261835311419,157.8504771069947,285.72882139825356
1.263157894736842,43.46938775510204,499999.8067974076,125.83169190816307,3532.670187451511,9.898285337456322,443.8532158564593,158.2020169701685,286.755396015503
1.3684210526315788,43.46938775510204,500000.02166431345,125.38204777836654,3532.6767215902296,10.440159350902874,444.0444777089821,158.08288727399764,286.84593441939865
1.4736842105263157,43.46938775510204,499999.9714571351,123.82541718551784,3534.2737381454285,10.94178904407257,442.83889086169734,157.9970657171805,285.9334781877086
1.5789473684210527,43.46938775510204,500000.09038910526,124.79384006017654,3533.1600867911407,11.426028934585611,443.5802177057953,158.2015792105978,286.49199209184127
1.6842105263157894,43.46938775510204,499999.92255912826,123.10643308188764,3534.911425664221,12.1274382638335,447.69525661608674,158.91598501570556,289.9833323788425
1.789473684210526,43.46938775510204,499999.9106650391,123.78268800350725,3534.3487973806386,12.48306472405199,439.521271869772,157.30915068122562,283.15610907292495
1.894736842105263,43.46938775510204,499999.94419942633,124.29729380580875,3534.2608046198184,13.280075999384156,450.54109343381435,159.45901979722177,292.2069641038474
2.0,43.46938775510204,500000.0343659917,122.03561828780357,3535.7278893809153,13.828596468606653,451.4197834780964,159.66639674990066,291.9738134333033
1.0526315789473684,43.673469387755105,500000.07323727245,126.10804736536556,3532.203134110668,8.77962951947661,439.77723125114846,157.54146411310967,283.31738633400494
1.1578947368421053,43.673469387755105,500000.08185228874,124.96690699969122,3533.0777719956172,9.262374029132497,440.3261605593908,157.63503771807552,283.7817232944166
1.263157894736842,43.673469387755105,500000.2169749349,125.36754100624967,3533.110480944756,9.77077872765765,441.54602965908464,157.98495190020049,284.80127594189486
1.3684210526315788,43.673469387755105,499999.8430647189,125.09941934258495,3533.298076421444,10.38814486772125,443.690889549916,157.92317513066084,286.4908046696473
1.4736842105263157,43.673469387755105,499999.8843920735,123.42800171099861,3534.5748291864456,10.778103021299996,440.53658176073884,157.78101372410802,283.9839800762765
1.5789473684210527,43.673469387755105,499999.8145970846,124.64790389400969,3533.5625640832363,11.45087280137015,445.1023891372104,158.34293672351956,287.6769746715974
1.6842105263157894,43.673469387755105,499999.9619264662,123.03871822620931,3535.0552852359215,12.023407837364058,445.43467039610806,158.69488841869904,287.9915464117629
1.789473684210526,43.673469387755105,499999.96526000893,123.40213097199103,3534.4532939409632,12.53917291289811,442.72647310248334,157.86046400470406,285.769900278417
1.894736842105263,43.673469387755105,500000.01994563726,124.19651190207696,3533.7937096676815,13.240657978151573,449.1814060586034,159.1693384734306,291.08868992327734
2.0,43.673469387755105,499999.9651771931,123.4737849905332,3534.3897431337673,13.771891173600293,449.48766131939306,159.44105169692597,290.919501910761
1.0526315789473684,43.87755102040816,499999.9054089553,126.15535185327963,3532.2673988029956,8.777628542918631,441.6050308666397,157.84038000879906,284.77475380824774
1.1578947368421053,43.87755102040816,500000.141664129,125.905341827769,3532.6680244987388,9.285296747574103,443.0327028816971,158.05909263714963,285.96839092315355
1.263157894736842,43.87755102040816,500000.09822318895,125.49396222415407,3532.7710795348207,9.819460000072816,444.80005106668784,158.43389789848723,287.43114863462034
1.3684210526315788,43.87755102040816,499999.83047478844,124.67461556705712,3533.6555067199465,10.325803966469167,442.05093445304476,157.64384750818624,285.2521729171141
1.4736842105263157,43.87755102040816,499999.84708713123,123.69385329189663,3534.573180151474,10.884996249538538,445.3333192603001,158.4867236024741,287.9032460847238
1.5789473684210527,43.87755102040816,500000.03165245947,124.37657137479073,3534.126703227515,11.441924515389854,445.1678509650432,158.20828593587044,287.66507762200223
1.6842105263157894,43.87755102040816,499999.9375946051,122.64176466298068,3535.310848050871,12.062891805588547,450.9803539008347,159.56658814959522,292.5121633714758
1.789473684210526,43.87755102040816,499999.8071385899,123.27314817584556,3534.7977608412834,12.352195678137571,440.4256469289221,157.6135578401927,283.8226470690174
1.894736842105263,43.87755102040816,500000.2913315736,123.91573895207921,3534.454767100736,13.086178140687258,446.8231634894121,158.88281408146335,289.0893888658309
2.0,43.87755102040816,499999.9641040614,121.64711282031658,3536.6611248543095,13.697397360427713,448.04919279999297,159.2180318500386,289.6386539322767
1.0526315789473684,44.08163265306123,499999.93353306275,126.84398608092988,3531.8899061386196,8.77124984989507,443.2321489873774,158.12322858562985,286.0638026234561
1.1578947368421053,44.08163265306123,500000.1791377949,126.7040746295661,3531.9783085235263,9.254417613707394,445.14470987322795,158.50701837228382,287.66608244962816
1.263157894736842,44.08163265306123,499999.71215173445,124.90883224801883,3533.3923030693754,9.772270017754824,446.94960428000536,158.8610393406541,289.15132140339256
1.3684210526315788,44.08163265306123,499999.93190562556,124.57247058563053,3533.961802615305,10.209769943291462,439.76548240059185,157.36756491007984,283.1905332431952
1.4736842105263157,44.08163265306123,499999.90576675476,123.90997377480016,3534.313648201549,10.725495345413671,443.02211605351846,158.26938620205243,285.94575018380493
1.5789473684210527,44.08163265306123,499999.9965526539,124.22623308165566,3533.8013301465126,11.395671265653283,443.66418651842474,157.92789954439388,286.690869151549
1.6842105263157894,44.08163265306123,499999.94719089754,122.37361252629626,3535.9742970406764,11.997416969046155,449.4442311076335,159.34289965309583,291.27642153380543
1.789473684210526,44.08163265306123,500000.05040312593,123.1071503374701,3534.7009010620677,12.450517105204815,444.7258953880182,158.30318106976753,287.3421333941076
1.894736842105263,44.08163265306123,499999.6547000308,123.98764004027817,3534.3267225150094,13.142094315020561,449.31337380642645,159.12810214892238,291.0704264087738
2.0,44.08163265306123,500000.0604141131,121.57899919311512,3536.13362570498,13.718493886617651,454.34347923088296,160.23813721618572,294.58890385435257
1.0526315789473684,44.285714285714285,499999.8470239183,125.5281249527352,3532.898854590612,8.757222925407433,444.5181206599841,158.3614939462293,287.0687565672739
1.1578947368421053,44.285714285714285,500000.1845454574,124.61616385265461,3533.8404708679873,9.18249594403795,443.3811707637979,158.24246832509107,286.15723015794305
1.263157894736842,44.285714285714285,500000.03079453896,124.57034447135584,3533.412292672777,9.713067865687584,445.2598439754811,158.57927521799235,287.70163356398587
1.3684210526315788,44.285714285714285,500000.01126820483,124.42414776271653,3533.5955867214548,10.069832712848669,438.01009609821494,157.16960677367547,281.65963537549493
1.4736842105263157,44.285714285714285,500000.01586966455,123.58407522031985,3534.349790140256,10.838680082712226,448.0042998481407,158.98107451425145,290.01575883418803
1.5789473684210527,44.285714285714285,499999.8007352431,124.01704622609441,3534.317004693928,11.218375812449636,441.3677885129687,157.65056479033444,284.5207264881118
1.6842105263157894,44.285714285714285,500000.334837535,122.46241930522865,3535.7413947827667,11.854778890210458,447.17338641945264,159.1215138886176,289.2922891505816
1.789473684210526,44.285714285714285,499999.877779207,123.0174102928354,3534.924344045804,12.270311729890395,442.4207144286936,158.05827566873393,285.39085094547966
1.894736842105263,44.285714285714285,499999.9632356209,123.65849745686637,3534.3846007276024,12.989011702653224,446.9616227636334,158.84266431661325,289.07809530333145
2.0,44.285714285714285,499999.95481068577,121.64925170650531,3536.6648110188,13.664364142789912,452.4026604524189,160.01120674821215,293.5245332660003
1.0526315789473684,44.48979591836735,499999.8572096711,129.48869927746455,3529.5565992729826,8.733097488116671,445.3401580986347,158.5157301152063,287.68888045539444
1.1578947368421053,44.48979591836735,500000.04796227126,123.84389593438345,3534.018851617964,9.195653995418176,445.7810456748545,158.64043889390655,288.0843636307377
1.263157894736842,44.48979591836735,499999.82249814714,124.65904170868725,3533.2451446727223,9.73297607050095,447.373774749384,158.9121250434923,289.3844307693352
1.3684210526315788,44.48979591836735,499999.8689216834,124.33112842732817,3533.838360332716,10.064767393441127,439.81132154775787,157.51223920673266,283.11464238460684
1.4736842105263157,44.48979591836735,499999.8957006311,122.96620430942039,3534.971383089912,10.681940932867274,445.68207550716977,158.76210961750326,288.0484354454092
1.5789473684210527,44.48979591836735,499999.8537062853,123.55860306966588,3534.6785469535544,11.111036585664202,439.1071467178166,157.3762350204035,282.51626850366745
1.6842105263157894,44.48979591836735,499999.7826366121,122.18821841063846,3535.7275598711253,11.889794397929727,452.2019896563464,159.928376312034,293.43416988814687
1.789473684210526,44.48979591836735,499999.82650478825,122.9154322404238,3535.1528322958643,12.410290367357742,447.7281366750019,158.89435466988172,289.7436965618551
1.894736842105263,44.48979591836735,499999.8232554123,123.57029683700603,3534.5489234561005,12.986696265515583,447.61407015263455,158.7430902826465,289.54804584339604
2.0,44.48979591836735,500000.0747562145,121.23342933259119,3536.9952324692013,13.487217648683826,450.4897070625499,159.78660646283225,291.5259729528072
1.0526315789473684,44.69387755102041,499999.9173973021,124.03916693810606,3534.4780805290634,8.619915996936554,443.05207256273695,158.2374597549859,285.75319617069886
1.1578947368421053,44.69387755102041,499999.7988340184,124.14861778845943,3534.1957334702033,9.157675604928963,447.2370987084404,158.979284298105,289.23369018601664
1.263157894736842,44.69387755102041,500000.0232326321,128.41781565783867,3530.150433758392,9.594862850458622,445.06609472371883,158.63151309784269,287.4309048622753
1.3684210526315788,44.69387755102041,500000.2604160528,124.18842813629999,3534.188534119692,9.995553352298316,439.8062262498232,157.5798779345988,283.0724505282123
1.4736842105263157,44.69387755102041,499999.92198078765,122.9127761516138,3535.102599376326,10.701248978352313,449.8026276790294,159.4903427511606,291.4091839266408
1.5789473684210527,44.69387755102041,500000.2298093523,123.9958452653982,3534.4449580256064,11.061798394021586,439.00898382589764,157.4293210672175,282.3989498098492
1.6842105263157894,44.69387755102041,499999.88362929045,125.49814868134035,3533.160127721206,11.855024552499769,450.7543465712522,159.6701671441787,292.2021327446948
1.789473684210526,44.69387755102041,499999.9334534421,122.93848865199789,3535.074147775136,12.231729146590315,445.4077336193317,158.62692117270336,287.7787016562522
1.894736842105263,44.69387755102041,499999.97824523406,123.20363414780377,3534.7138713532063,12.939161122522593,446.30773964855985,158.4618842655094,288.7919302893691
2.0,44.69387755102041,500000.4358011135,120.86718351334139,3537.2515015990307,13.58063712114588,456.2708230440669,160.68053083245215,296.43249746605454
1.0526315789473684,44.89795918367347,499999.99043086095,125.24709014273003,3533.015002885927,8.649752966566615,445.20353419777,158.49682763327914,287.45902283848324
1.1578947368421053,44.89795918367347,499999.78336584143,123.69259324637642,3534.3639962949173,9.103250144967179,445.47185112283387,158.69936172489693,287.72414093414164
1.263157894736842,44.89795918367347,500000.2481634887,123.44032197855131,3534.8510420417274,9.591499262714748,446.36894814453694,158.8168383415624,288.4428959668239
1.3684210526315788,44.89795918367347,500000.05938804586,124.11435979284033,3534.323932559668,10.083742594643596,444.1867502790068,158.3128075777702,286.66056134297787
1.4736842105263157,44.89795918367347,500000.05151954957,126.47704302295642,3531.940781084324,10.638413781523882,448.2489587331038,159.21721799926385,290.07043457686933
1.5789473684210527,44.89795918367347,499999.9949068687,123.26636510917479,3534.66553636272,11.02864336130943,440.1737822267411,157.67448566421984,283.3267520932998
1.6842105263157894,44.89795918367347,500000.00751706795,121.85608012924467,3535.927790926274,11.684315095546765,448.42593827383484,159.44887185690743,290.22876824273516
1.789473684210526,44.89795918367347,500000.1858273066,122.73228324859474,3535.5773673964454,12.276021470867894,450.56463720597685,159.6038339325806,292.01596956035104
1.894736842105263,44.89795918367347,499999.6821009307,120.97390642297387,3537.0043124077297,12.836951401794403,444.0049757994414,158.18371897262614,286.76603594845017
2.0,44.89795918367347,499999.8714824525,121.67613506258385,3536.1501529186703,13.423696679869561,454.32938504137616,160.39427766389804,294.4144064716148
1.0526315789473684,45.10204081632653,499999.84555255214,124.87395615432115,3533.713453254953,8.589726276697377,444.10049877075426,158.29220802403722,286.4941857142482
1.1578947368421053,45.10204081632653,500000.2283868902,123.512179698625,3534.793105985407,9.085661888531712,446.90225401467364,158.93663378411085,288.8455941901934
1.263157894736842,45.10204081632653,499999.70372222475,122.96803670016743,3535.270963840515,9.568102819256882,446.7554350051755,158.83196794007142,288.6997482082195
1.3684210526315788,45.10204081632653,499999.79644542304,123.73542350153684,3534.572578854584,9.940070613387588,441.9188122021852,158.03709785155507,284.7433581365797
1.4736842105263157,45.10204081632653,499999.94129655947,122.68008397855101,3535.6787881149057,10.648353992101235,452.01947325299716,159.93129818769316,293.1377611912185
1.5789473684210527,45.10204081632653,499999.8052434536,122.82033431495938,3535.6062277073265,11.060410978478993,444.26476902535705,158.3630194835755,286.6772415065247
1.6842105263157894,45.10204081632653,499999.89419758465,121.7960935093929,3536.044811952083,11.704261892253292,452.74991053408667,160.16310776447224,293.7468169393773
1.789473684210526,45.10204081632653,499999.8282705256,122.46862990794489,3535.658785627323,12.227928689439024,449.2046195465165,159.32069155414325,290.8355851928227
1.894736842105263,45.10204081632653,499999.99049196736,120.71286692898593,3536.9311317216866,12.624111136192559,441.73785270124085,157.90854810165132,284.62464171012897
2.0,45.10204081632653,499999.57297550666,120.83767177049185,3537.3114176866993,13.380107306326053,452.415651041989,160.1689779546994,293.35946624074865
1.0526315789473684,45.30612244897959,500000.190065393,123.655086190975,3534.667705134022,8.51691754999815,442.242198663135,158.0173437618209,285.0081159435287
1.1578947368421053,45.30612244897959,499999.97772802424,123.24179134833639,3534.8318220275296,9.067795319154403,447.6574277902229,159.05053173486462,289.4088038541124
1.263157894736842,45.30612244897959,499999.7380162099,123.28879705513737,3534.5212048369426,9.524341187134373,446.12955719934007,158.6558141517933,288.14799938413285
1.3684210526315788,45.30612244897959,500000.2188878505,123.70702105665396,3534.6410261122464,9.949720435498763,444.08763446133065,158.43360338712893,286.4982932800595
1.4736842105263157,45.30612244897959,499999.7419217354,125.07014269539013,3533.5655610772437,10.586640198795628,450.45813757010245,159.64773112788137,291.7927369140987
1.5789473684210527,45.30612244897959,499999.91151111905,121.4552048097944,3536.8336781533344,10.942377248884084,442.00307008382265,158.08778170138928,284.76572710876866
1.6842105263157894,45.30612244897959,499999.8760960912,121.69428851257544,3536.336432547792,11.662711048089443,451.3351760735994,159.87817362334007,292.5213180524647
1.789473684210526,45.30612244897959,499999.809409585,122.50806457600083,3535.511531058065,12.098902320993263,446.89640850072345,159.0725783708236,288.88121033196177
1.894736842105263,45.30612244897959,499999.9015928168,122.6495682219329,3535.312831994611,12.488758115429551,440.72716089247103,157.82219943134493,283.67717093808966
2.0,45.30612244897959,500000.0129752832,120.75436615825993,3536.8354090021294,13.418073467434592,457.01990880216,160.95464827568097,297.2358132294465
1.0526315789473684,45.51020408163265,499999.7861677272,123.35916670693086,3534.662699325021,8.435034852012182,441.11275959583133,157.91417882054188,283.93997101008983
1.1578947368421053,45.51020408163265,499999.8626647349,123.05134518866316,3535.341231014016,9.031782360558703,447.6362590651795,159.02060615176842,289.3321728303929
1.263157894736842,45.51020408163265,500000.0037845564,122.64668046120869,3535.2395681721932,9.458395436622446,444.4195025879121,158.37935637628536,286.9284174429499
1.3684210526315788,45.51020408163265,499999.84700091387,123.6353470779668,3534.775101325873,9.9766751439728,446.9407776174482,158.9318234593043,288.8188316149003
1.4736842105263157,45.51020408163265,499999.8593217822,122.33723794175967,3536.0320896011044,10.46530354265754,448.15360237618256,159.37347766753146,289.84140140730966
1.5789473684210527,45.51020408163265,499999.83252919366,123.54364911343782,3534.9442751491247,10.957345245546856,444.24539894491477,158.4952288090528,286.58344702941577
1.6842105263157894,45.51020408163265,499999.97124465375,121.54431413987277,3536.704176053266,11.64918719679556,454.6875268441434,160.50461272702202,295.2328410890309
1.789473684210526,45.51020408163265,499999.8671448931,122.17949031290937,3535.7373003839516,12.153525392736075,452.5762777450235,160.10357232550967,293.5475324259952
1.894736842105263,45.51020408163265,500000.0546582164,120.33764519226497,3537.823910480654,12.549154282231282,443.94568837102446,158.37747989172982,286.32291315516574
2.0,45.51020408163265,499999.72739138955,120.38876222956333,3537.1619398645303,13.368316613349146,455.7916615883137,160.6649344648411,296.1614061642248
1.0526315789473684,45.714285714285715,500000.03659428726,123.14734469023779,3535.201053534014,8.401639169366925,441.8103909766747,158.08791743339606,284.4802588717005
1.1578947368421053,45.714285714285715,499999.79534750275,123.05176902947869,3535.185208565652,8.993316362402464,446.75225967480253,158.82928390575543,288.69193185519134
1.263157894736842,45.714285714285715,499999.99647422985,122.38002151721957,3535.9348294687284,9.370874676308278,442.1556367266338,158.1058495975339,284.88527875663874
1.3684210526315788,45.714285714285715,499999.92807672534,123.13759907425037,3535.2576921147847,9.864116367357276,444.66920801728145,158.6553391444913,286.89813487837256
1.4736842105263157,45.714285714285715,500000.0467145335,122.60033135570575,3535.4504053217224,10.522814937150395,452.06533710535393,159.97809299186073,293.0136817390848
1.5789473684210527,45.714285714285715,499999.7343050778,120.95866357204704,3536.631009685536,11.012655903539319,447.4032098537605,159.0394943060578,289.1589196254253
1.6842105263157894,45.714285714285715,500000.01794229186,121.37828368421106,3536.5131796857604,11.61210877111445,453.2618322733679,160.21852362316588,293.9987215111373
1.789473684210526,45.714285714285715,499999.99807125685,122.23221119859136,3535.520073532135,12.095273711174627,451.21761913314333,159.820563288427,292.3688492077307
1.894736842105263,45.714285714285715,500000.04561747337,120.18366667857708,3537.541720529235,12.51639521684671,445.13647529328676,158.62471077399502,287.25794635331107
2.0,45.714285714285715,500000.04008181015,120.7954251555202,3536.9007977674564,13.25816761572962,453.43953319653644,160.37829582907668,294.16747306049535
1.0526315789473684,45.91836734693877,499999.9107388639,123.02743372903069,3534.847528653684,8.39384909061146,443.4354564846668,158.4019137234015,285.7868154481637
1.1578947368421053,45.91836734693877,499999.93293588236,122.88967185717775,3534.9801091299414,8.918988002468353,444.9495224401262,158.55359964327297,287.3375448390168
1.263157894736842,45.91836734693877,499999.7347869876,122.45046540465182,3535.930277576837,9.312447023142973,442.45620204585293,158.21883487388473,285.030885297727
1.3684210526315788,45.91836734693877,499999.892220013,122.92385913085764,3535.025507207334,9.901273242404235,448.05970338951613,159.23293698550955,289.6609738270653
1.4736842105263157,45.91836734693877,499999.9175483741,122.14079223001954,3535.841527510602,10.426137080767505,449.75838359975535,159.69691272331664,291.06056431748874
1.5789473684210527,45.91836734693877,499999.9459186554,123.43694713809737,3534.629080813735,10.840386577475916,445.1279157204229,158.7630047091387,287.2345313821448
1.6842105263157894,45.91836734693877,499999.6826776292,121.31508669473988,3536.7523694577667,11.449600288711084,450.9423205821403,159.935465849936,292.0344240427687
1.789473684210526,45.91836734693877,500000.3436418021,121.94791872464248,3536.273066246863,11.987051052690285,448.91555701977643,159.5699201527591,290.41975493016434
1.894736842105263,45.91836734693877,499999.8413031334,120.58346226631511,3537.3317635684134,12.532526993765984,447.38981751789794,159.03218196714462,289.1268024538147
2.0,45.91836734693877,499999.9718671305,123.7694985777348,3534.136359539055,13.209857720956355,456.68566940005974,160.95268056911448,296.7863618405427
1.0526315789473684,46.12244897959184,500000.086827904,123.01068169387781,3534.7954872551236,8.360497654049555,443.7762500481916,158.52106765158328,286.0285704282911
1.1578947368421053,46.12244897959184,499999.8851773008,122.80000981759531,3535.1493802665273,8.79036471232849,442.6961478720059,158.28084242097938,285.22645822518973
1.263157894736842,46.12244897959184,500000.1524335169,122.06292520240868,3536.147891938753,9.283207686747907,443.49928913001946,158.4441211214066,285.8344180743877
1.3684210526315788,46.12244897959184,500000.0442335984,121.50446205982053,3536.415496390456,9.896001277443927,451.173700486655,159.86421422281984,292.20025068075165
1.4736842105263157,46.12244897959184,499999.88855150144,122.1380809405623,3535.872189128856,10.446824003240593,452.8560251534995,160.16152481000634,293.5565896212384
1.5789473684210527,46.12244897959184,499999.89553973987,120.42187533931792,3537.3053392400584,10.92416499625835,449.1037640303632,159.4290829583334,290.48578393316876
1.6842105263157894,46.12244897959184,500000.01457192027,121.18859183636278,3536.491309757657,11.527216848776918,453.9824291918756,160.34019776510456,294.47766787115904
1.789473684210526,46.12244897959184,500000.28795735026,125.50850434537233,3533.026511404528,12.036380254223705,454.8042796474174,160.62584228185756,295.25458572699307
1.894736842105263,46.12244897959184,499999.8480480094,120.55804665777669,3537.6024119867466,12.34779891029588,445.10680436201403,158.75620259703322,287.155399861482
2.0,46.12244897959184,499999.77836927073,120.21585133485223,3537.6396442571036,13.183758545042515,455.45892651222664,160.66475372483382,295.7154190989608
1.0526315789473684,46.326530612244895,499999.7863252616,122.81133844578608,3535.403342287294,8.326417155866332,444.5127461799975,158.69947900377417,286.5966807363052
1.1578947368421053,46.326530612244895,499999.77621617075,122.69082684129626,3535.5138323965143,8.771915790863039,443.7486363875945,158.5069287849656,286.03751048208403
1.263157894736842,46.326530612244895,499999.8569516725,124.0045988322072,3533.8418888725378,9.337310257526344,446.86515946307657,159.01954907106392,288.6960957465703
1.3684210526315788,46.326530612244895,500000.0006075024,121.04520660745357,3536.8173069982267,9.838984278849265,449.52726316408786,159.5849921706255,290.78637719964115
1.4736842105263157,46.326530612244895,499999.86830498755,122.25468618553577,3535.6642012100842,10.338974238167848,450.53624517406445,159.8804514676848,291.5906198302361
1.5789473684210527,46.326530612244895,499999.9307812311,120.49788405647087,3537.0963665112254,10.759942551323219,446.81499866760964,159.15226062987637,288.5478110598768
1.6842105263157894,46.326530612244895,500000.08658333094,121.09757131443894,3536.6003041998547,11.36682114021699,451.64785272325685,160.05728797394633,292.49881512285896
1.789473684210526,46.326530612244895,499999.92146122735,121.7837628772345,3535.987494381316,11.98330234048408,453.4451404761526,160.34271429060038,294.076017834109
1.894736842105263,46.326530612244895,499999.91378516244,121.84475694992761,3536.010838802682,12.411778946080618,448.49135670676014,159.3335965293004,289.92161579044506
2.0,46.326530612244895,499999.99966146133,119.97649945566081,3537.6636958774966,13.03902038563845,453.11547865929845,160.37987550479292,293.72876814071293
1.0526315789473684,46.53061224489796,499999.9867606084,122.59239390617086,3535.285278150455,8.311080494210195,445.56866613183195,158.92515296890454,287.4275597553442
1.1578947368421053,46.53061224489796,499999.9952668443,122.53246409779649,3535.263887286934,8.75799681295302,445.17929073160093,158.79006168997728,287.18583845225174
1.263157894736842,46.53061224489796,500000.0141649057,121.86264331396933,3535.9626375367675,9.324377728177874,448.3662202889406,159.31259400569488,289.9118348289541
1.3684210526315788,46.53061224489796,499999.8514556749,121.39675216223486,3536.657872659133,9.832431938818555,452.78679703524847,160.23285371431453,293.44238028662534
1.4736842105263157,46.53061224489796,500000.18513425026,121.98334128050192,3536.2654795292574,10.354131735799983,452.63376465040074,160.16556148590493,293.25722339628203
1.5789473684210527,46.53061224489796,500000.0493821006,123.11825839028234,3534.7462230086503,10.869535788131198,451.45701747072565,159.91545841154763,292.34898355354335
1.6842105263157894,46.53061224489796,499999.8461048367,121.01795594501482,3536.813220565499,11.405099553624284,453.3017902624147,160.2093481522904,293.7960784510674
1.789473684210526,46.53061224489796,499999.6824223025,121.5755119653827,3536.511958135777,11.845393580729139,451.13569000110556,160.0703673622139,292.1190472855995
1.894736842105263,46.53061224489796,500000.3292017244,120.70690813816645,3537.3851519100494,12.242774686408072,446.21351701833987,159.05774965620122,287.99384414432484
2.0,46.53061224489796,499999.8664774301,119.85630720588824,3538.000817404263,13.10756169562877,455.73439167950295,160.63581106849728,295.8193348996025
1.0526315789473684,46.734693877551024,499999.83951773704,122.66703736741783,3535.690192436318,8.294638494983069,446.83818411727907,159.18130612190114,288.43326288814467
1.1578947368421053,46.734693877551024,499999.7862383175,122.14398169717788,3535.5639833578134,8.721396349235162,445.54562512788937,158.91204772869185,287.3952064847212
1.263157894736842,46.734693877551024,499999.9258322986,121.83846961996505,3535.9372925682765,9.182985262911762,446.0993389440141,159.03791568250094,287.8245712291571
1.3684210526315788,46.734693877551024,499999.8890061959,121.60703487807814,3536.264339031804,9.789971568468873,451.1377518602694,159.9534067395464,292.02616782091013
1.4736842105263157,46.734693877551024,499999.8918663954,121.78952863757559,3536.2448204407724,10.345365833513133,453.6090034467685,160.24352927131687,294.06222922449297
1.5789473684210527,46.734693877551024,499999.8448089527,120.2696198917779,3537.6815603249775,10.70956998338737,449.16083739444304,159.6377040036374,290.40426138307606
1.6842105263157894,46.734693877551024,499999.88996346376,121.28754663177187,3536.504743472499,11.413914761967998,453.45042713113077,160.07903457279488,294.21517673059515
1.789473684210526,46.734693877551024,499999.7409084366,121.68789107213433,3536.4326729345166,11.90004369863952,456.8999133484039,161.1156648396038,296.84630326785276
1.894736842105263,46.734693877551024,500000.2967544209,119.58746775223199,3538.379641508961,12.346054834597266,450.7262742261778,159.8034639130004,291.6941003858895
2.0,46.734693877551024,500000.08261725697,123.99516441817968,3533.9643074562373,12.96342950615343,453.3912952470136,160.3519242293501,293.83361969673035
1.0526315789473684,46.93877551020408,500000.038094723,122.49543830893253,3535.485192598049,8.281877994047695,448.19551153125565,159.44781522211014,289.50942886032266
1.1578947368421053,46.93877551020408,499999.89164783765,121.67149421830845,3536.5965014676285,8.705074811064971,446.437697097591,159.1130030156281,288.1329791239412
1.263157894736842,46.93877551020408,499999.933323552,122.92280682574346,3535.4914229937303,9.19061323442932,448.1651146300362,159.41539785234517,289.5094831668697
1.3684210526315788,46.93877551020408,500000.2698846194,120.90938859410699,3537.2157710323377,9.763830403034703,454.31437191746977,160.58073709532977,294.6096300462193
1.4736842105263157,46.93877551020408,499999.8633579508,121.72283410857699,3536.3691416238325,10.239404231090552,451.2956974137651,159.96325988840692,292.03892955789195
1.5789473684210527,46.93877551020408,499999.9489438952,120.05571675419378,3537.7166612777546,10.83532923627263,454.2554895378844,160.46356135205968,294.5783539094382
1.6842105263157894,46.93877551020408,499999.90141797304,120.77164997345699,3536.9792034622787,11.244619035577923,451.13395308325346,159.7995026322328,292.047073567993
1.789473684210526,46.93877551020408,499999.7849655395,121.1796625615425,3536.8132027281954,11.883467982154091,455.5225014670128,160.8324391396853,295.6501987772098
1.894736842105263,46.93877551020408,499999.933382786,119.38122973460077,3538.2603806995244,12.18133159695774,448.4413147913563,159.52670280294387,289.75982237728186
2.0,46.93877551020408,499999.89230758767,119.65363269392356,3537.9803337280473,12.976728490321602,454.12596531934787,160.2569927897267,294.52030130595966
1.0526315789473684,47.142857142857146,499999.85916894354,121.9082123442081,3536.171855200707,8.269124954245727,449.50636668042637,159.70293180690322,290.56283895624705
1.1578947368421053,47.142857142857146,499999.9712868499,121.60214354771006,3536.1084096037716,8.690447231088006,447.8082640631012,159.38539272194808,289.23712202418113
1.263157894736842,47.142857142857146,500000.09789054707,121.53437809575871,3536.1331978269136,9.214276137354421,450.6997589845324,159.86132346886788,291.6518926110485
1.3684210526315788,47.142857142857146,499999.8432741472,120.6379051075387,3537.1628971656246,9.71944580651116,452.66508425171753,160.30107982172086,293.19352293836846
1.4736842105263157,47.142857142857146,499999.976720784,121.94069051618544,3535.8616551429213,10.225243745136416,451.0300857231176,159.80939638485782,292.0694710973033
1.5789473684210527,47.142857142857146,499999.8000033386,123.08645784932241,3535.085398142584,10.677392719189179,451.947210849872,160.18447198452304,292.62273849610744
1.6842105263157894,47.142857142857146,499999.9877856526,120.8809946850256,3536.8289521581046,11.209952653610905,449.77802014506904,159.5229113052087,291.27042600565505
1.789473684210526,47.142857142857146,499999.81933933566,121.7192545957364,3536.372750672567,11.713783444699013,453.210421581877,160.55215572894673,293.6901784817677
1.894736842105263,47.142857142857146,500000.2046403855,119.69361457285595,3538.329499539698,12.326106771276521,453.9938222463188,160.42510083213298,294.3214450039199
2.0,47.142857142857146,499999.83870001393,120.01366121458295,3537.8988467668746,12.94141776452098,453.1445006212311,159.97717197410415,294.05937758256425
1.0526315789473684,47.3469387755102,499999.84376469144,121.25393369695075,3536.7681524369646,8.252952881736446,450.638932738697,159.92488930562357,291.5029746067889
1.1578947368421053,47.3469387755102,500000.0447342714,120.86984983650063,3536.810329130188,8.688736393091004,449.5674495888518,159.71489045834082,290.69128756399556
1.263157894736842,47.3469387755102,499999.7650505444,121.52719913380815,3536.761402530913,9.086446359320052,448.43452598535487,159.5863777325422,289.63393703873993
1.3684210526315788,47.3469387755102,499999.994895434,120.69110595754455,3537.0148914597016,9.689761816674867,455.5331629577836,160.87074094877255,295.5175509233465
1.4736842105263157,47.3469387755102,499999.7064868914,121.32373837323621,3536.7425181922104,10.179287171696252,449.586263287184,159.53373575592985,291.0651326574061
1.5789473684210527,47.3469387755102,499999.7822927294,125.35184586500691,3533.1058567498003,10.702285050477757,456.43054825633044,161.03158606538037,296.2952073220636
1.6842105263157894,47.3469387755102,499999.8662657471,120.61243375344657,3537.3546918408,11.088032388812616,447.4238401050577,159.24921665488336,289.15112333494966
1.789473684210526,47.3469387755102,499999.74862327846,119.17983012455761,3538.8824887881005,11.759950957222808,458.5122919281156,161.51846255264857,298.02872655164555
1.894736842105263,47.3469387755102,500000.05394492624,118.84760604707253,3539.1265281747765,12.16263126830642,451.69084720474945,160.14650637326832,292.370942242435
2.0,47.3469387755102,500000.0629089751,120.25512100663354,3537.895160019315,12.855006782868639,450.78003559988645,159.70028852951333,292.05754839235686
1.1578947368421053,47.55102040816327,499999.80684271693,120.52516360690561,3537.599601750264,8.682375764851535,451.58890308027026,160.0813473528195,292.3248699138074
1.263157894736842,47.55102040816327,500000.0472949843,121.10102854707975,3536.581151135079,9.115412247088912,451.26774891184607,160.07484048078032,291.94858576053304
1.3684210526315788,47.55102040816327,500000.190431599,123.1891874478315,3535.1203423451084,9.643432285863819,453.8850868713656,160.59107058138662,294.10297029783175
1.4736842105263157,47.55102040816327,499999.9975753815,121.43058525986044,3536.403829106519,10.019365500793366,447.19665966942887,159.2609531227998,288.95570825202475
1.5789473684210527,47.55102040816327,499999.83391802694,119.59489443289067,3538.256452293135,10.653956851238133,454.9146897536881,160.75097253058513,294.98798584562076
1.6842105263157894,47.55102040816327,499999.86459657183,120.3370308002709,3537.5017454790936,11.017429964118788,445.8124061774444,159.071131391211,287.72601043859413
1.789473684210526,47.55102040816327,499999.83594905277,118.91239826234914,3538.8665956324,11.73389935284482,457.13629119089944,161.23543210207862,296.8347997788052
1.894736842105263,47.55102040816327,499999.9511143595,119.09103461356653,3538.558668422249,12.219876963459585,457.09905352565397,161.16775834860044,296.82261096258213
2.0,47.55102040816327,499999.8917171786,119.44722528119928,3538.632916309947,12.643319000119922,448.2944051221746,159.4262986373966,289.93447989377194
1.1578947368421053,47.755102040816325,500000.06628233567,120.54289286112044,3537.561849215852,8.570516843274811,449.3309597558982,159.80693641063098,290.2773617740662
1.263157894736842,47.755102040816325,499999.92937796726,120.72164548341743,3537.481374944331,9.153738654678136,454.24026794970473,160.57893823313196,294.50364880267784
1.3684210526315788,47.755102040816325,500000.04505747074,120.33182331592434,3537.2777803088356,9.604817385210481,456.2381350275855,161.0679970709712,295.9970442750183
1.4736842105263157,47.755102040816325,499999.69371469796,121.28802635700731,3536.7919082693834,9.939099800529569,446.8003714225795,159.2658087968378,288.4881565212269
1.5789473684210527,47.755102040816325,500000.01236255263,122.85177029665329,3535.017357136124,10.512706731277198,452.627135990489,160.4732604738628,293.0507105638281
1.6842105263157894,47.755102040816325,499999.88570485526,120.37577882263122,3537.3425617610164,11.020266358969744,448.73027125370413,159.57591202861556,290.07400079245224
1.789473684210526,47.755102040816325,499999.8314462511,118.47547211214032,3539.2829370734344,11.574166887890408,454.8322789089149,160.95532058031444,294.88220014041497
1.894736842105263,47.755102040816325,499999.9579324608,118.67346770519862,3539.0084037092843,12.173040714173245,455.7763946264621,160.8866015378575,295.67363209843666
2.0,47.755102040816325,499999.91011806845,119.36486513597538,3538.0880185176015,12.474782041408943,446.54805113643647,159.22782095721874,288.2718985996473
1.1578947368421053,47.95918367346939,500000.04298891267,120.26367772403273,3537.57426750363,8.580921730637877,451.44884775597984,160.18472284032225,292.06467400067163
1.263157894736842,47.95918367346939,499999.8854217389,121.05285313050217,3536.712816730069,9.03722424795858,451.9638964620463,160.30260895337506,292.4220795123556
1.3684210526315788,47.95918367346939,500000.0572078495,120.22572839344093,3537.614457043554,9.556657516062115,454.59398948712567,160.78869922813234,294.5865625064011
1.4736842105263157,47.95918367346939,499999.96792660916,121.14151429504636,3536.529398579025,9.90103986056541,447.48355359478103,159.43334679437658,288.97733567670593
1.5789473684210527,47.95918367346939,499999.8438263601,119.54489262717243,3538.315558952141,10.6301815233849,457.7844631949572,161.29226543609278,297.2686659363133
1.6842105263157894,47.95918367346939,499999.8509122406,120.25610274506926,3537.674802056029,10.99079961485303,449.3411686814034,159.7325892338845,290.6182930301532
1.789473684210526,47.95918367346939,499999.99904615537,120.58509503574442,3537.113429155134,11.737316157289577,460.3185642077807,161.7831760958696,299.3602701327056
1.894736842105263,47.95918367346939,499999.842739212,118.66712723069077,3539.0455081968794,12.06262626004971,453.4816832096586,160.60835190119147,293.73023957318185
2.0,47.95918367346939,499999.7380696714,119.24095082471058,3538.5925873101874,12.464288991543105,448.1387080069569,159.53212186966252,289.56309604715966
1.1578947368421053,48.16326530612245,499999.81636695657,121.4081340735861,3536.8681854224988,8.592575518801732,453.51432088978163,160.5489357055928,293.8256999783224
1.263157894736842,48.16326530612245,499999.93233314075,120.94539706313026,3536.9744072477033,9.062160525494214,454.8588155044347,160.7889142991383,294.87786892018914
1.3684210526315788,48.16326530612245,500000.0105158691,120.32263831174714,3537.473833956081,9.592456516093353,456.9047168078529,161.1412500479878,296.57764545102134
1.4736842105263157,48.16326530612245,499999.7317945148,120.87672166166021,3537.167876415866,9.946738073414439,450.6552957572412,159.97542686181998,291.67312053591417
1.5789473684210527,48.16326530612245,499999.92485473317,119.34481243441769,3538.402685742496,10.490045813419389,455.48337339451314,161.01306001910106,295.31937910154926
1.6842105263157894,48.16326530612245,499999.9346673313,120.00688440691329,3537.699138411539,10.998454117259165,450.8291478092233,160.0208667479688,291.82331421780583
1.789473684210526,48.16326530612245,499999.85477587924,118.32302471625417,3539.044854733108,11.572349831850865,457.9942983854941,161.50091359260568,297.39008944409073
1.894736842105263,48.16326530612245,499999.85693987756,118.56780225090188,3539.2248404842353,12.117611829068913,459.43121617965005,161.70429612930147,298.6269590562192
2.0,48.16326530612245,500000.005277572,119.23185719621915,3538.460603614468,12.399195122834442,448.50081158509465,159.65091960392343,289.7687622678058
1.1578947368421053,48.36734693877551,500000.10150656337,121.19310778439467,3536.6843116909604,8.599831711894815,455.36712423045196,160.87328801362892,295.4189259901155
1.263157894736842,48.36734693877551,499999.91762502195,119.78212446823864,3538.0586566927354,8.97491068644974,452.59361604288955,160.51327027983072,292.8516997919018
1.3684210526315788,48.36734693877551,499999.9935088081,122.40242255740895,3535.529078949592,9.457730792438543,454.61818384921605,160.86291972611298,294.5021801516269
1.4736842105263157,48.36734693877551,499999.9206249321,120.81118160850656,3537.3509282166765,9.939444486700863,452.2633099626687,160.28111663347838,292.9870487158471
1.5789473684210527,48.36734693877551,499999.9628635172,119.63569257976769,3538.4330490301286,10.514565228448193,459.4815245173987,161.76328450143643,298.5807028499853
1.6842105263157894,48.36734693877551,500000.27825775737,120.24241302257633,3537.7783932325233,10.981756780209887,453.26468847533306,160.4505487314641,293.75250399188695
1.789473684210526,48.36734693877551,499999.96276262647,117.99590861217621,3539.918020107025,11.566157521245712,461.5280792027538,162.14798989671226,300.256350111927
1.894736842105263,48.36734693877551,499999.99457077275,118.42243895320689,3539.082107160161,12.07377626243652,458.108200873643,161.42300676477245,297.47806534232905
2.0,48.36734693877551,500000.35544151295,119.2293122968158,3538.706659634499,12.376784013233951,449.80733793955045,159.91178479739014,290.81175546637326
1.1578947368421053,48.57142857142857,499999.7178799616,120.07652516675671,3537.4443087127993,8.488203491763782,453.1032437335683,160.59775730605278,293.29875158053477
1.263157894736842,48.57142857142857,499999.8281476821,119.79646515404511,3538.075542904715,8.97995029185011,455.22142722067827,160.9505880259536,295.0502201029064
1.3684210526315788,48.57142857142857,500000.17387119966,119.82374572116441,3538.1765186848725,9.46915046650895,456.0837536552095,161.0635799265895,295.8449900181902
1.4736842105263157,48.57142857142857,499999.8428661808,120.08277594911533,3537.661490350727,9.821657782689686,450.0234243946005,160.00826849515354,290.87887721269556
1.5789473684210527,48.57142857142857,499999.922710138,119.49470275846943,3537.956515562443,10.458779329499915,457.96871609809654,161.48283454496044,297.277248894635
1.6842105263157894,48.57142857142857,499999.7584771746,119.74353984923846,3537.745169754828,10.851048114196976,451.0133766109792,160.17659160299127,291.7577444766729
1.789473684210526,48.57142857142857,500000.08821642783,118.40322356356228,3539.0524692659037,11.541199518652075,460.1448576743311,161.8644727678746,299.0581770123528
1.894736842105263,48.57142857142857,499999.8989292309,118.37375501279212,3539.1934402687584,11.977744229601363,455.81581442729316,161.1445991616799,295.5365296813579
2.0,48.57142857142857,500000.0608230106,118.98847134268317,3538.6326561978008,12.402903991891868,452.20398456109365,160.33596856041322,292.82162664146756
1.1578947368421053,48.775510204081634,499999.98342932743,121.37162423094651,3536.3035025091817,8.48097485758976,454.5863388336752,160.85637550435942,294.5783906849737
1.263157894736842,48.775510204081634,500000.03219932446,119.33449185681684,3538.397145695941,8.99472382500741,457.42709570704983,161.31132492432064,296.9971121459274
1.3684210526315788,48.775510204081634,500000.0547580234,119.77493652290241,3538.2508333283354,9.46121679212223,456.5953769524482,161.08912626169476,296.45519752601984
1.4736842105263157,48.775510204081634,500000.12967979716,119.15024353262561,3538.8181275186844,9.827546357984039,452.3936345153227,160.4281124041486,292.86906057277844
1.5789473684210527,48.775510204081634,500000.0670810316,119.14073129183726,3538.8603303167615,10.373794952372101,455.69141145091874,161.20524640858622,295.3492521813874
1.6842105263157894,48.775510204081634,499999.9074731912,119.1431832651233,3538.5133919516143,10.917746606112015,454.3773220589252,160.7448613320295,294.6345622426806
1.789473684210526,48.775510204081634,499999.88033121056,117.95034051079574,3539.38017955126,11.387471402486781,457.8441694652913,161.58385833037693,297.10958241058376
1.894736842105263,48.775510204081634,500000.321171039,118.25049588539014,3539.5889462399778,12.029292075704083,461.983184114883,162.26358852022412,300.60975524499037
2.0,48.775510204081634,499999.914424791,118.96412345865656,3538.674229465606,12.481460517446585,455.78792789543377,160.9362804453514,295.89219327952446
1.1578947368421053,48.9795918367347,499999.9843985019,121.40613537354193,3536.348265375411,8.469515786964136,455.58354901599023,161.02795473930888,295.45698090069993
1.263157894736842,48.9795918367347,499999.9524292631,118.91948662056848,3538.751649021399,8.90371065197913,455.15805289096033,161.03485977935466,294.9284997007917
1.3684210526315788,48.9795918367347,499999.8631496867,119.92735561565951,3537.973569241632,9.428817143580867,456.21483885133296,160.91789869465217,296.2025283285797
1.4736842105263157,48.9795918367347,499999.7186324996,118.60761579710652,3538.781510572671,9.865369416805075,455.476441277467,160.95274250863025,295.5000953858995
1.5789473684210527,48.9795918367347,500000.2837431432,119.18574415708099,3538.79881958777,10.412339796747723,459.8301651812234,161.8401726890485,298.7151192111657
1.6842105263157894,48.9795918367347,500000.0689697587,119.27904064570794,3538.249002469557,10.753401610418875,452.1310852180053,160.4711102668454,292.51322331862934
1.789473684210526,48.9795918367347,499999.8635668865,117.62999981744633,3539.672855241126,11.478601084028085,461.0564974891913,162.00480078645077,299.82009113823244
1.894736842105263,48.9795918367347,500000.2943439862,118.23081713531292,3539.608092566232,11.991949764867003,460.6580765287082,161.98192945511892,299.45945119868526
2.0,48.9795918367347,500000.31376362237,118.82911832134414,3539.074671875461,12.302718956830368,453.5239161819379,160.6609872188181,293.7540900723785
1.1578947368421053,49.183673469387756,499999.86296009476,121.58057177898581,3536.70042268106,8.445060831513851,455.9883527150123,161.09259415488714,295.84641256355275
1.263157894736842,49.183673469387756,499999.84022178594,118.70366127469788,3538.6788365951766,8.914530186403693,456.7728926249316,161.2906607071756,296.3788426843703
1.3684210526315788,49.183673469387756,499999.72524352046,119.54489849701213,3538.3761786931223,9.317169310502656,453.7962607792793,160.6433374140887,294.07021182327117
1.4736842105263157,49.183673469387756,499999.9934761243,118.94731318865661,3538.6659869652503,9.765633290487527,453.22754679281593,160.67876135807424,293.37671019839047
1.5789473684210527,49.183673469387756,500000.059050952,119.10745536560489,3538.3588430714644,10.328819312740848,457.547754387075,161.56181505336386,296.78289594704705
1.6842105263157894,49.183673469387756,499999.82387510885,119.49018995094048,3538.3770734188247,10.85153384696883,456.3409476853709,161.1643779131328,296.1492956345955
1.789473684210526,49.183673469387756,500000.28192938765,118.16529061116216,3539.6529759405034,11.323260183431627,458.75653786397356,161.7242157722857,297.75285271761487
1.894736842105263,49.183673469387756,499999.99739439215,118.09457442412031,3539.437054715431,11.861436064311038,458.36538943982197,161.70313080279684,297.51750769192563
2.0,49.183673469387756,500000.30510762986,118.81827327650444,3539.0858536635933,12.432231071743006,458.27552569415957,161.4340809089336,297.8713220326771
1.1578947368421053,49.38775510204081,500000.0435757056,119.3546524545668,3538.1164694108784,8.406259035558122,455.7158658252192,161.03300391877087,295.67852612147584
1.263157894736842,49.38775510204081,499999.6977961809,118.4855648028888,3539.3115709242215,8.891721643391262,457.683322283311,161.41921636720875,297.17650258641356
1.3684210526315788,49.38775510204081,499999.8921140634,119.27911618973258,3538.398636419148,9.263931134454955,452.36415731218506,160.37157902308377,292.9203921406029
1.4736842105263157,49.38775510204081,499999.8889019363,118.15764196651162,3539.336305999086,9.798356757462871,456.87002861017953,161.2851287846651,296.51332326561146
1.5789473684210527,49.38775510204081,499999.82757351693,118.9202013400236,3539.0413665516817,10.360138042337478,460.8484012973986,162.04680024345998,299.56586780420764
1.6842105263157894,49.38775510204081,499999.80605882907,119.09815889472384,3538.7091549869156,10.693036945998506,454.09093932491214,160.8900833581983,294.02508697529606
1.789473684210526,49.38775510204081,499999.9517159645,117.52703639829042,3539.9753590868413,11.377090377836245,460.55436923230457,161.88733545841794,299.5394129775397
1.894736842105263,49.38775510204081,499999.8803705596,118.0595060697492,3539.44932258925,11.917893834837894,464.4036866356218,162.78939978446968,302.4791279039739
2.0,49.38775510204081,499999.9286502672,118.65679980024743,3538.907063911052,12.257427153890458,456.00157090489176,161.15769954584886,295.7230515899955
1.1578947368421053,49.59183673469388,499999.9052594608,119.33607985418894,3538.7226341262262,8.360880577684558,454.80841811965644,160.83434914016368,294.9035615342398
1.263157894736842,49.59183673469388,500000.0877633321,118.5300959118631,3539.149039484359,8.781667273555701,455.4309729493729,161.14396607978995,295.1231113176977
1.3684210526315788,49.59183673469388,499999.83429981774,119.18029571463967,3538.6349755507617,9.17357002371367,450.263268831897,160.1400276575745,291.1417546410247
1.4736842105263157,49.59183673469388,500000.02652404,118.08745706916716,3539.5212298771594,9.715647260797061,454.62388542197607,161.0111810671654,294.4864903521894
1.5789473684210527,49.59183673469388,500000.0020418787,118.7973295576362,3538.6693800315234,10.262257079972231,458.5683292808969,161.7683994482991,297.52530048933284
1.6842105263157894,49.59183673469388,499999.90172163304,119.28205303273444,3538.331032054744,10.816379322091706,458.99132676656694,161.68305680327032,298.28677318414856
1.789473684210526,49.59183673469388,499999.8109342959,117.37152585295007,3540.44406494616,11.22154263270761,458.2695642194261,161.6085399132087,297.38598226190896
1.894736842105263,49.59183673469388,499999.69894096145,117.98215810558486,3539.711450876731,11.925077047140208,463.07640461113874,162.5074064206269,301.3535340967171
2.0,49.59183673469388,499999.6501888528,118.58124880354626,3539.134515649006,12.279939701017952,460.8010001334899,162.08761620395032,299.4339572083418
1.1578947368421053,49.79591836734694,500000.14044641034,121.91200837543465,3536.2330582769505,8.302604258311389,453.15662353037635,160.563192706283,293.4882591189986
1.263157894736842,49.79591836734694,499999.93559728545,118.37352828416306,3539.606017933181,8.757799847675226,455.5350427684655,161.12491470077316,295.3276571697154
1.3684210526315788,49.79591836734694,499999.8710662958,119.16590049175011,3538.6632532395674,9.169493647567034,451.91973795752034,160.4494589381154,292.48405309228855
1.4736842105263157,49.79591836734694,500000.0327936422,117.86624411921548,3539.5200720497382,9.751959084381074,458.6398643884183,161.6696987311197,297.8741948809038
1.5789473684210527,49.79591836734694,499999.91827082617,118.74762724519769,3538.8677884077047,10.2902482390858,460.8450891534885,162.06952058402248,299.583132422199
1.6842105263157894,49.79591836734694,499999.7154981036,117.91313819371908,3539.8571359651364,10.660556212026753,456.7305784345469,161.40763011395768,296.1523855543102
1.789473684210526,49.79591836734694,499999.9096705912,117.25859864306312,3540.1725736170974,11.234949209569558,458.59075676054107,161.4848415452675,298.0014763140279
1.894736842105263,49.79591836734694,499999.782258193,117.89704757368827,3539.4132985997567,11.751069038896652,460.784052606778,162.2282538537442,299.3857935229909
2.0,49.79591836734694,500000.36584535067,118.51774788704006,3539.323277733124,12.255608549965613,459.5369155157048,161.8092297794883,298.6435852365813
1.1578947368421053,50.0,499999.72128207074,119.08828724590512,3538.8953339953764,8.208079814583519,451.1867324774971,160.354059267916,291.8192947334122
1.263157894736842,50.0,500000.07614739606,118.30972062993987,3539.1417850994276,8.78476765840283,455.7948738459969,160.941068767872,295.8816155145695
1.3684210526315788,50.0,499999.80907668587,119.02329523857816,3538.389541921483,9.191198163477736,454.35561653219975,160.86660542948684,294.47164400932144
1.4736842105263157,50.0,499999.9233667038,117.8429579990493,3539.573416165783,9.654920755722504,456.39258756195477,161.39545081204577,295.84694509793155
1.5789473684210527,50.0,499999.8866226568,118.61658935623382,3539.1866587254376,10.170251464248413,458.5768213582045,161.79210706507948,297.55245315272344
1.6842105263157894,50.0,499999.993225446,117.22046797846997,3540.174840497338,10.682794706401115,461.2750140594734,162.2649551704726,299.734616731103
1.789473684210526,50.0,499999.91255231336,120.55485166789276,3537.1918672060538,11.212700750642146,457.783609579079,161.2102115613805,297.5469886703455
1.894736842105263,50.0,499999.9620402066,117.83307269472152,3539.5460397269962,11.798434008674006,466.34986342120374,163.22588177031488,303.9506441126094
2.0,50.0,500000.03936786664,118.38509348622756,3539.057117266564,12.121653621323205,457.27570414460826,161.533656476456,296.5099073689892
