lift to drag ratio,gamma,apoapsis,delta_v,exit_velocity,g_load_max,heat_flux_max,convective_heat_max,radiative_heat_max
1.8,-10.3,499999.9210076297,126.94340041783653,3531.4287562076347,8.790782409484146,292.76338028839086,127.5350228336594,166.12585820808224
1.9000000000000001,-10.3,499999.9975085737,126.9944179773538,3531.281135445168,9.480901368180128,298.7000310628369,128.78385861955474,170.8770296559732
2.0,-10.3,499999.87134800927,127.72193720449604,3530.794628850822,9.979781954676087,301.08466780963033,128.74719961542255,173.06092236611335
1.3,-10.4,499999.9076334019,131.04260659071088,3528.1244745471495,7.860483037299888,324.4072886358316,134.42592021565207,190.86687891102596
1.4000000000000001,-10.4,499999.87968334433,129.7513291808432,3528.791814427013,8.334607207925899,328.2490061257589,135.21251510219614,193.83466877613918
1.5,-10.4,500000.2706754395,129.09233010541448,3529.798053107681,8.903051588350573,330.8150442758684,135.6494288703721,196.1524982356444
1.6,-10.4,499999.96269298467,128.00163475205,3530.8842576976795,9.471201440797143,334.082087838475,136.28252281858514,198.92309901903388
1.7000000000000002,-10.4,500000.28267497517,128.41382677213915,3530.3454825556773,9.812505590564166,330.66609241090873,135.17387916553173,196.5999720923343
1.8,-10.4,499999.98054142034,128.10166442034188,3530.261780455698,10.12132104932576,329.64081878501815,135.4448368767351,195.16117931287494
1.9000000000000001,-10.4,499999.72680018074,126.65373243739486,3532.1321060994956,11.035266886081166,339.75087374185875,137.16162304192602,203.42436570323795
2.0,-10.4,499999.7433827474,127.70809087737052,3530.963916700433,10.862465608837427,329.0957848631099,135.45642834815098,194.4028139968564
1.1,-10.5,500000.1095990158,132.0290606874978,3527.1357227643202,8.159838208292143,362.65016165662996,142.16632558298824,221.6709347040097
1.2000000000000002,-10.5,499999.921705084,131.40962348285757,3527.321597133452,8.597163746382387,364.4615005157485,142.56294575579088,223.14466818873848
1.3,-10.5,499999.83742729237,129.23540905484742,3529.5482902884182,8.901644225026873,361.0197284821147,141.92386766752927,220.19480605867722
1.4000000000000001,-10.5,500000.00053143053,129.7621712258865,3528.7691112582734,9.497269488524134,364.38282101799086,142.5137951241661,223.0985885269672
1.5,-10.5,499999.91094488837,129.01818676313633,3530.003083864106,10.264864610696819,372.2139290833643,143.8726869750908,229.42939642046952
1.6,-10.5,500000.04095431685,127.8834940921115,3530.3921696068805,10.825558734128313,371.3549685071424,143.05083111189535,229.50527753403935
1.7000000000000002,-10.5,500000.37077564775,128.41651300742797,3530.340536166398,11.23331222569198,371.0611705433595,143.6438249551514,228.51858183988662
1.8,-10.5,499999.9216366433,126.93042154181148,3531.469049686964,12.050808313105156,376.0811833237864,143.68471525465867,233.32995678732112
1.9000000000000001,-10.5,499999.6463564196,126.87761673788691,3531.6102001763197,12.418900853775492,377.2245921403113,144.77235425933762,233.52945282146564
2.0,-10.5,499999.7899490026,127.69970490313017,3530.8910812194013,12.415195191442148,364.1876032368792,142.37613019542903,222.93130538311468
0.9,-10.6,481889.10400849115,129.13464407910078,3521.9744520249433,8.250924759396415,400.83221583913326,149.36091456419,252.44838666046164
1.0,-10.6,499999.9884840414,132.43733228568271,3526.5173187227347,8.740751981544395,402.25802706055816,149.38315561009676,253.78792605078533
1.1,-10.6,500000.08529578854,130.97538023128027,3527.5324193426422,9.149085751889874,401.85835649634475,149.59089999127008,253.32171703697722
1.2000000000000002,-10.6,499999.8666356023,131.2672136852011,3527.709535091603,9.61967631975818,402.40311724173625,149.59562240669285,253.78538897372806
1.3,-10.6,500000.21811757283,130.16649972427422,3528.762898118179,10.143065381929384,404.3085840152746,150.02033018230844,255.34834638546937
1.4000000000000001,-10.6,499999.91011586547,130.41257737436354,3528.3865966679778,10.985379359541458,413.4673092160481,151.5036671544861,262.93024241888145
1.5,-10.6,499999.8966256506,128.87588202886718,3529.667146214533,11.019037575285045,398.32074642408315,148.87383325814443,250.45707616909414
1.6,-10.6,500000.26990394393,127.4357090288513,3531.330723101329,11.869723356935552,409.82394718409114,151.16715314691413,259.9120712657076
1.7000000000000002,-10.6,500000.33406676265,128.38629815356262,3530.4368694547234,12.096805905738831,399.8164475700812,149.2210674162798,251.6436285311145
1.8,-10.6,500000.028183952,129.00442239136373,3529.3114647073885,13.262528004068848,420.7389588552434,152.64693767862207,268.81527605459695
1.9000000000000001,-10.6,499999.93819286034,126.90831999848933,3531.482571865596,13.793985213766854,418.69251573076326,152.36340357262296,267.2231354271484
2.0,-10.6,499999.6703233882,127.72140597093994,3530.883808938467,13.843422613775303,403.9170022060845,149.85278769711957,255.06233761385081
0.9,-10.7,469821.61474115256,127.49745676950533,3517.9981995452144,8.736545921432315,428.35585637551293,155.01025686769196,274.2870092885201
1.0,-10.7,500000.03977834433,132.0687183397131,3526.5291824400433,9.137213855342766,425.58306765196284,154.46895978311142,272.39540870609983
1.1,-10.7,500000.1536414162,131.13771960460008,3527.945150501006,9.636592695499056,425.98728502857296,154.53210068139973,272.77293873204763
1.2000000000000002,-10.7,499999.88630286144,131.43426849615207,3527.2958960851565,10.192750339523005,430.3362163179818,155.32983431680108,276.0405092363902
1.3,-10.7,500000.2086741096,130.15311234266255,3528.7668083249323,10.806614933721617,435.54329892648377,156.29961411322216,279.8494170421501
1.4000000000000001,-10.7,500000.0186676676,129.90017631288947,3528.5030412522897,11.240243868767365,429.5097455398386,155.12559900797868,275.75901297317984
1.5,-10.7,500000.2327471511,129.11086525097062,3529.7739341059305,11.844068343683613,435.6821432722654,156.41123178963852,279.7401681098316
1.6,-10.7,499999.97636694286,129.00412354813125,3529.9612457258095,12.335360853447943,432.09224824583623,155.68193243734342,277.1346638150462
1.7000000000000002,-10.7,500000.3388969177,128.3438276577076,3530.47915294683,13.041294922717057,433.1193348842092,155.46750490125865,278.7030143580724
1.8,-10.7,500000.0506237202,127.14241547634765,3531.0851404385658,13.612976025013579,439.18604254475315,157.04685197204984,282.65387695906634
1.9000000000000001,-10.7,499999.92409628764,126.93765040479911,3531.460050271433,14.334926469728442,439.4677611681035,156.97431279898584,283.03267172247007
2.0,-10.7,499999.8470357317,127.71045937188819,3530.800130074404,14.669216548546578,431.5066455286212,155.54150961995978,276.8863659222576
0.9,-10.8,473367.56262780033,127.97769128425034,3519.6921846861974,9.011833132792407,450.82652566556646,159.6019827993772,291.7424836512778
1.0,-10.8,499999.8952124945,132.54048075926312,3526.2922139768207,9.533638560401432,450.01768294690305,159.50308416363444,291.13428786024275
1.1,-10.8,499999.8808468557,131.0222464922722,3528.1629104716462,9.868928253625523,445.73562190519107,158.69086837492125,287.5253561530233
1.2000000000000002,-10.8,499999.8535635728,131.10090588070443,3528.0660746065755,10.562217666204159,450.87455916613715,159.72851279504522,291.8284799519706
1.3,-10.8,500000.00616994186,130.82323943402707,3527.812211763557,10.930987977843028,446.8659117383369,158.86800118335378,288.4670719400088
1.4000000000000001,-10.8,499999.84411777434,130.36969418557237,3528.523454450343,11.718880508316206,454.1725362671702,160.29607328111382,294.54928356340724
1.5,-10.8,499999.9014055246,129.0261784189188,3529.997729057371,12.20522286445118,451.82219367382606,159.86679313960713,292.6427180292714
1.6,-10.8,499999.89142271434,127.76427313581553,3530.6315451046216,12.606170243524524,447.9321183992819,159.0465920043558,289.3612841718297
1.7000000000000002,-10.8,499999.7784487835,128.41433822400268,3530.27637232077,13.372069896798877,455.5470203156299,160.56011632929048,295.663059654195
1.8,-10.8,499999.9734438568,127.1044567160634,3531.159571932704,13.932548378233879,456.5253254262704,160.96977764076465,296.5629436369002
1.9000000000000001,-10.8,500000.3943786559,126.7229843668938,3531.959597181293,14.621966868332944,457.7262275751302,161.07796261008247,297.5875418256529
2.0,-10.8,499999.64998377743,127.71309928432265,3530.842141594205,15.078319291877047,450.72076832919095,159.6818327092237,291.74745920096046
0.9,-10.9,482095.88573807257,129.1661378404333,3522.0246450105533,9.129245262007604,460.37047243489474,162.01277386718166,299.0791025482073
1.0,-10.9,499999.9427597888,132.53622545972303,3526.307671780359,9.656471907826425,463.31529016013735,162.5320827467575,301.50217228487895
1.1,-10.9,499999.85841206316,131.04927761423232,3528.10873595964,10.158300468583757,462.4122094362915,162.3534799454054,300.788680999587
1.2000000000000002,-10.9,500000.1631770372,131.1867179158112,3527.878646009996,10.649715416867553,461.78948860212483,162.12862001821964,300.21278117651156
1.3,-10.9,500000.01347404026,129.9002490032035,3529.1349289438294,11.187873029588262,463.2259907788633,162.6795829461868,301.4789673417579
1.4000000000000001,-10.9,499999.8523891187,130.43580960478857,3528.3233816095435,11.70933239001827,461.3140925061181,162.29012865655451,299.9041530511261
1.5,-10.9,500000.24481038516,129.0780786952987,3529.791390540601,12.354826115766764,461.80254158621403,162.18386372477156,300.27473172212075
1.6,-10.9,499999.8713659098,128.2354063654957,3530.470203381375,12.974518679373558,464.5269886805878,162.56095954102764,302.4928458406933
1.7000000000000002,-10.9,499999.87048558105,128.2817651249793,3529.964612900783,13.430665695337277,463.37633809849274,162.87738696495933,301.61954651450316
1.8,-10.9,500000.0148613551,128.2595198613003,3530.006514302302,14.11040824479757,467.08046314882574,163.59815338433032,304.7328915552448
1.9000000000000001,-10.9,500000.0099560348,127.0082275953896,3531.240195932046,14.642299622670135,463.07944222733227,162.77886109253592,301.4220221852801
2.0,-10.9,499999.8147298853,127.75235047308388,3530.708953292118,15.395127869916841,465.7760196960059,163.08083666919623,303.65876125862803
0.9,-11.0,479827.63029436185,128.8561304625,3521.420675531016,9.231937420741364,470.0366469968699,164.19456430602327,306.3784182806406
1.0,-11.0,500000.04713953956,132.2669738519312,3526.891219891083,9.717598169236647,471.2618165028965,164.46745402688921,307.37761794715516
1.1,-11.0,499999.8689903768,131.19484628038572,3527.779488914767,10.199804488335879,470.7597153019756,164.5412711893852,307.0067208491745
1.2000000000000002,-11.0,500000.01718230406,130.92479604185837,3527.644400813117,10.733803124830116,471.07281941567396,164.5237644174281,307.27573189437146
1.3,-11.0,499999.85853930115,130.23271486688463,3528.6480655158557,11.308005704434757,471.5692828046191,164.4880206473345,307.67603368060355
1.4000000000000001,-11.0,500000.30878077255,128.29953534629067,3530.521113829291,11.818896243966357,469.0051970034537,163.96105174553398,305.50233801892927
1.5,-11.0,499999.88018828875,128.92253659837752,3529.562424306235,12.39374490374844,471.8222094380616,164.69483948696853,307.8621221143134
1.6,-11.0,499999.85028971324,127.71796758762821,3530.7652442437225,13.058146799443854,474.67040080483184,165.24552351091472,310.25658713450565
1.7000000000000002,-11.0,499999.9560073851,128.30702939274306,3530.6066852126337,13.680028236464183,475.5900497147908,165.45978572004563,311.0502651245219
1.8,-11.0,500000.0824749577,128.9323467354552,3529.4658155728307,14.261913089784416,474.94079808185757,165.3959257993228,310.53454789156365
1.9000000000000001,-11.0,499999.6821169726,126.81388388069263,3531.7685656433177,14.813229138216297,473.22187024999914,165.1355347634653,309.1209214138766
2.0,-11.0,499999.7150766369,127.71478720034611,3530.830056168994,15.518926023802093,476.53096670616173,166.01675128160952,311.9032302134047
1.1,-11.1,496281.05618366256,136.97113357400076,3520.666672302149,10.315465405263106,479.1015448734014,166.03645845896807,313.0650864144333
1.2000000000000002,-11.1,500000.02966591134,138.23043501621623,3521.286945620375,10.857084114557875,480.1474590221601,166.292056154509,313.951194808257
1.3,-11.1,500000.23164027877,130.02166206769516,3528.980121051308,11.439839964248128,482.4924392602229,166.76246858353213,315.9104231936369
1.4000000000000001,-11.1,499999.85484443116,130.46960948819287,3528.203879769941,12.018550250131762,482.43707602606224,166.76855171603557,315.88098317686064
1.5,-11.1,500000.29987403454,129.05202344340978,3529.8525411440473,12.618283939135308,484.3274051820149,167.20711907820638,317.46634797279773
1.6,-11.1,500000.09864979185,129.9232033440826,3528.4910263720603,13.175579868196076,482.4138012686335,166.87873081490545,315.8909744982894
1.7000000000000002,-11.1,499999.8535030619,128.4249548586572,3530.2678214568405,13.776678054629919,483.76975984539865,167.2688546338326,317.0345260585066
1.8,-11.1,499999.7000610835,127.65436600267003,3530.968784487829,14.305826606890847,480.35709946050724,166.65467878209833,314.2068944790881
1.9000000000000001,-11.1,499999.86422674416,126.98149752179143,3531.3189894687894,14.997426487059858,482.5578658546441,166.98748734304456,316.0428311647437
2.0,-11.1,500000.4826077959,127.66168995890621,3531.096354055504,15.703295823712308,484.77238000054854,167.32128286642913,317.8914347779464
1.3,-11.2,500000.0688501413,130.96256435553687,3527.5385598335424,11.422811303330732,485.162897564613,167.91898887630293,317.24390868831006
1.4000000000000001,-11.2,499999.9128485094,129.945596418474,3529.1644670348924,11.987174015374261,487.57404554587345,168.3133181235158,319.26072742235766
1.5,-11.2,500000.20048211125,129.2484657269597,3529.622555847275,12.560337361239323,487.56777914605505,168.31339784437156,319.25438130168345
1.6,-11.2,499999.8851534658,127.77089919163154,3530.620119782198,13.15113958544557,486.5300493426363,168.13118449922976,318.39886484340656
1.7000000000000002,-11.2,499999.82830051804,128.3955131129087,3530.2952189877346,13.830532111026397,490.4384272873509,168.783729467936,321.65469781941493
1.8,-11.2,500000.06067305227,129.0235449814195,3529.305236753573,14.48051872971626,489.68396191717727,168.64989968447887,321.0340622326984
1.9000000000000001,-11.2,500000.0443324622,127.1842398132485,3531.6163273894635,15.053586401859565,490.34640665411393,168.7654602452271,321.58094640888686
2.0,-11.2,499999.7847840892,127.72566877299187,3530.8007684357467,15.655059058522028,489.66500199745997,168.64448331555067,321.02051868190927
1.3,-11.3,500000.007033518,129.07394629252803,3529.8829890713237,11.538307322107253,489.1462824931524,169.48125517834256,321.13480173767266
1.4000000000000001,-11.3,499999.8254852197,130.24470697169318,3528.8009603620317,12.080539443082074,488.3513038128091,169.0896581692655,320.45969776447436
1.5,-11.3,500000.2328790042,129.09018521306234,3529.7636207381297,12.672541648552784,488.62343047322577,169.4554449942495,320.731964378964
1.6,-11.3,499999.9324248964,128.51914223891936,3529.9510864051895,13.275139748131913,488.98153175029324,169.46826301342796,321.04026475932505
1.7000000000000002,-11.3,500000.3124651216,128.35262246301636,3530.4742628369663,13.864693780946487,489.9802087934819,169.696762055609,320.62641900161134
1.8,-11.3,500000.3135325872,128.4899590591849,3530.329986582897,14.504483718359538,492.4827066443757,170.12076446379905,322.36194218057665
1.9000000000000001,-11.3,499999.783485712,126.76811139494066,3531.826229885934,15.078489994664423,489.65250731058677,169.63268138513877,320.2290241659784
2.0,-11.3,500000.24110179883,127.69815327108654,3530.9942573160606,15.734819092712033,493.1387722462104,170.23378604203248,322.90498620417793
1.2000000000000002,-11.4,499999.85960775206,130.52581231167414,3528.3647747907953,11.069918469803747,496.53476625434405,170.31806020849385,326.21670604585023
1.5,-11.4,499999.9572861707,129.04210105513175,3529.9364651029564,12.766797488825688,497.3664669366842,170.43948159042702,326.9269853462572
1.6,-11.4,500000.00862837397,127.929646497862,3530.2915736768878,13.368483217004956,496.3831314633959,170.2851217671119,326.098009696284
1.7000000000000002,-11.4,500000.03718870436,128.28556277115922,3529.9722134146323,14.006149033345025,498.49358860041434,170.5948114977553,327.89877710265904
1.8,-11.4,499999.873753252,128.86101148142006,3529.618545150989,14.602835494191776,497.8024572890066,170.50049126506377,327.335635530497
1.9000000000000001,-11.4,500000.3454245687,127.25332709417717,3531.466043393565,15.245796415519367,498.36906526130247,170.69066591611664,327.8110079035455
2.0,-11.4,499999.64904431783,127.73974071972543,3530.8748895749486,15.873232442228463,498.2271017553028,170.90802395526765,327.69572512915477
1.6,-11.5,500000.2933758628,127.45178419652711,3531.2843406689453,13.370669179923649,500.58189605822605,172.07369579171694,328.5082002665091
1.8,-11.5,500000.04614693066,128.96007099818735,3529.4200435920216,14.55992912435487,499.128814039276,171.82024282671026,327.3085712125657
1.8,-11.6,500000.0701291762,128.31834332894869,3530.621633854628,14.74275454318969,505.39894575044593,172.3898187362242,333.00912701422175
1.9000000000000001,-11.6,499999.99370915897,126.93471549148853,3531.405653885507,15.394218229317437,506.02477262355563,172.48547154193813,333.5393010816175
2.0,-11.6,499999.8583005266,127.7499222821707,3530.7215137493044,16.09289565524134,507.7584962224479,172.76101399377555,334.99748222867237
2.0,-11.8,499999.80636548053,127.7878442941601,3530.6805216381335,16.16823323911605,513.5030472231706,174.46675227498707,339.0362949481835
