gamma_initial,mass,velocity_initial,lift_multiplier,drag_multiplier,density_multiplier,success,failure,max_total_heat_flux,max_rad_heat_flux,max_conv_heat_flux,max_g_load,apoapsis_altitude,periapsis_altitude,delta_v,velocity_exit
-10.652077204498912,10008.069405752807,15922.201166256737,1.0363388583743292,0.9870719649589238,<scipy.interpolate._cubic.PchipInterpolator object at 0x000001DD2A86F390>,True,SUCCESS,391.6697177051851,244.95432902029233,147.5431782310788,8.516789509772313,499999.82741826214,59898.78850414805,123.94039682621951,3534.101719204648
-10.654444980463728,10025.503135105268,16223.500154423782,1.0482931951560062,0.9520956569899196,<scipy.interpolate._cubic.PchipInterpolator object at 0x000001DD2A833E10>,True,SUCCESS,459.3536568561917,298.335991754857,162.42868598309224,9.450492334686352,499999.3440018934,59717.77804605588,130.32800402980502,3528.333838457759
-10.637995008154837,10007.72324813178,16138.940204799288,1.0493416856523932,0.8983468907413149,<scipy.interpolate._cubic.PchipInterpolator object at 0x000001DD7FA7CC00>,True,SUCCESS,512.2866484566898,343.27025686652735,169.81177362879473,10.195675329207178,458503.8935157724,59572.75654757277,141.347882363621,3500.8061037826874
-10.952185670495842,10032.653863570427,15835.08644842602,0.9884545610611777,0.8388268190654831,<scipy.interpolate._cubic.PchipInterpolator object at 0x000001DD2A7666C0>,True,SUCCESS,563.1569629967523,385.4240635447961,178.70548244319767,9.938752849006256,499999.8592207991,59572.760452513605,122.62436237709562,3535.7532593225965
-10.447803675667792,10049.117506521681,16171.577063497482,1.3135164282069869,0.8905456110742375,<scipy.interpolate._cubic.PchipInterpolator object at 0x000001DD493168D0>,True,SUCCESS,,,,11.334972607156224,500000.00462468475,60027.8598485879,155.90771150447654,3505.0494801758023
-10.598013540569008,10064.721850670696,15738.559506490452,1.0489262455065884,1.1012385411331862,<scipy.interpolate._cubic.PchipInterpolator object at 0x000001DD2A96EF10>,True,SUCCESS,333.0196763936884,200.33268894471868,133.4334178044296,8.326586741278435,499999.96259355306,59587.31123293121,134.64760849861614,3524.321750873065
-10.499043757448337,10003.808370667066,15900.67026355359,1.0007067316929197,0.9532138488990959,<scipy.interpolate._cubic.PchipInterpolator object at 0x000001DD2A8BAA30>,True,SUCCESS,,,,8.125559419210653,482094.68890774663,60019.4894179502,135.96519170555212,3515.4551289013966
-10.886967066276407,10007.979822294401,15969.738474421556,1.1026242110878413,1.135096206454111,<scipy.interpolate._cubic.PchipInterpolator object at 0x000001DD2A8E7850>,True,SUCCESS,435.4462335111377,279.08123189482336,156.574813122043,10.898779107511759,499999.57436746557,59918.09633860717,132.8572355463234,3526.520162902532
-10.456348010992565,9959.741187116402,16245.944197093208,1.1199094678833394,1.2459417671326876,<scipy.interpolate._cubic.PchipInterpolator object at 0x000001DD2A8E7D90>,True,SUCCESS,344.93950565074755,207.63696677590934,138.40483084443267,9.781527914787867,483422.98734436894,59710.378200357765,147.71171995872828,3506.1043156774795
-10.932146670437847,9955.976763442637,15967.524019685981,1.0565149712046817,0.9725596662483774,<scipy.interpolate._cubic.PchipInterpolator object at 0x000001DD2A9381A0>,True,SUCCESS,,,,10.23415439070934,471881.38275907433,59955.50593607171,141.11703291698177,3506.6673814606133
-10.982780567106172,9998.120948243068,15758.354078904767,1.1264714083363883,0.8244562865964922,<scipy.interpolate._cubic.PchipInterpolator object at 0x000001DD2A8E7F50>,True,SUCCESS,568.7381605323247,392.6442118523596,177.015367187348,10.957015768805597,458294.78774110856,59837.63931264274,147.53614079600584,3495.2310641566155
-11.201463235694089,10057.317764523163,15837.575320681814,1.1692953645988293,1.0139851858918283,<scipy.interpolate._cubic.PchipInterpolator object at 0x000001DD2A9383D0>,True,SUCCESS,,,,13.492804751636463,450092.1023360387,59985.01534760271,155.7763433158816,3484.1495038434523
-10.916060139596269,10104.361727158677,16043.665789483437,0.9020155483252577,1.039151544645326,<scipy.interpolate._cubic.PchipInterpolator object at 0x000001DD2A938830>,True,SUCCESS,512.361646288325,341.3055644263493,171.56682813819066,10.615675262359431,483769.34328173706,59571.43464468342,123.98727563953025,3527.5028469806425
-10.74343236212164,9981.236385184384,15907.495660958168,0.9158563684055963,0.9501222968790545,<scipy.interpolate._cubic.PchipInterpolator object at 0x000001DD2A938B40>,True,SUCCESS,,,,8.729177925686383,500000.07483597577,59510.226853260574,129.76410540210827,3528.780959704313
-10.729189002740988,9969.342994554183,16061.832976132251,1.069027831336738,0.9719441197972256,<scipy.interpolate._cubic.PchipInterpolator object at 0x000001DD2A938EC0>,True,SUCCESS,,,,10.38669968263699,461123.8833791719,59650.0328836879,145.33073499748934,3498.0385719552146
-10.966412476361123,10004.291671588648,16000.876704739505,1.0192344836092837,1.0083531232784426,<scipy.interpolate._cubic.PchipInterpolator object at 0x000001DD2A938D00>,True,SUCCESS,526.5079256704295,352.92206072122633,173.58586494920317,11.199417878854804,499999.4654903839,59757.1336195355,130.6341807874851,3528.3154760940615
-10.77919712401808,10057.803752478992,16034.428687563302,1.224842980816037,0.8786600334473295,<scipy.interpolate._cubic.PchipInterpolator object at 0x000001DD2A93BB60>,True,SUCCESS,445.6217217624652,286.76591537868023,159.56216206124097,9.139786697956072,500000.3853661294,59501.687583501,125.09992389476929,3532.89608872271
-11.193052458347873,9968.575630386938,15904.403805925169,1.1187906771897151,1.2274531589399864,<scipy.interpolate._cubic.PchipInterpolator object at 0x000001DD2AB28440>,True,SUCCESS,471.6747319993475,308.68924047913345,162.98549152021408,12.78960091030176,483680.57548527647,59993.57534048716,142.83023663393942,3510.6366025828065
-10.603489126304456,10053.78610110478,16156.85660953795,0.9172001397533899,0.9409754134155619,<scipy.interpolate._cubic.PchipInterpolator object at 0x000001DD2AB28360>,True,SUCCESS,452.64349512742393,294.05353949967474,160.25573339578762,8.764493242530138,459264.93033664266,59720.791021626195,128.7982103733857,3512.7974762248855
-10.968554256818429,10001.517943111145,15976.488578854995,0.9081943455168052,0.8448117961519664,<scipy.interpolate._cubic.PchipInterpolator object at 0x000001DD2AB289F0>,True,SUCCESS,587.9891984117992,404.63639294971694,183.3528054620823,9.908790530050023,477134.3171674861,59947.89854567094,127.77135572396537,3521.3839815777405
-10.79428429220942,10006.418554928545,16131.763311455372,1.1246934474946584,1.049734461050234,<scipy.interpolate._cubic.PchipInterpolator object at 0x000001DD2AB28910>,True,SUCCESS,509.45194646500124,340.3484407322829,170.42921170520802,12.05423195964028,500000.16305691114,59644.94000152054,140.27390199960792,3519.09137830195
-10.678217794608411,9947.61430954906,15874.687540229235,0.9778032654373318,0.831980252822528,<scipy.interpolate._cubic.PchipInterpolator object at 0x000001DD2AB299B0>,True,SUCCESS,535.0618422135393,364.2652983012306,171.8501381065348,9.863724521557087,468367.285511903,59688.83926531511,130.69592294633094,3514.6489061852153
-11.089612331271669,10025.650630143931,16313.106300265887,1.0249900868350104,1.044990502345899,<scipy.interpolate._cubic.PchipInterpolator object at 0x000001DD2AB29780>,True,SUCCESS,,,,10.085778032333716,500000.10335479095,59930.89377872968,126.57007757839165,3531.899954215644
-10.604620073713415,10043.798086102594,16047.465257471156,1.1290483783856882,0.9726823699750832,<scipy.interpolate._cubic.PchipInterpolator object at 0x000001DD2AB29D30>,True,SUCCESS,494.3961948076456,329.85472164730635,165.84888515412356,11.398974106624454,490243.37830203417,59851.019373929725,145.4400929202743,3510.6059590250816
-10.846002858464317,9967.658026375937,16189.429729734014,1.0595778583618518,0.9649009425099189,<scipy.interpolate._cubic.PchipInterpolator object at 0x000001DD2AB2A2E0>,True,SUCCESS,531.6915716054317,356.9649674459875,175.10118180997853,10.99729213274979,496149.34954547556,59655.87979421471,139.89758839684464,3518.4442082593046
-10.967272872707381,10048.308285175559,16063.011747005981,1.0082186338307983,1.097937184711016,<scipy.interpolate._cubic.PchipInterpolator object at 0x000001DD2AB2AB30>,True,SUCCESS,,,,10.066935434177966,500000.46915779385,59754.15847833108,123.0883935511979,3534.910745196869
-10.885418247444715,10000.559411022126,15848.603046237798,1.121954923406674,0.9048941296328724,<scipy.interpolate._cubic.PchipInterpolator object at 0x000001DD2AB2AD60>,True,SUCCESS,,,,9.064735676578804,500000.0970911651,59597.609557861695,117.21284961282026,3540.3632444475215
-10.72513950479381,9924.110935344017,15997.160116579947,1.1578793918868215,1.0516066041511596,<scipy.interpolate._cubic.PchipInterpolator object at 0x000001DD2AB2B850>,True,SUCCESS,373.28407154751,229.2798722852506,144.7977552805142,8.904853579204119,500000.06427220977,59638.93442703168,119.45277495652408,3538.25142979333
-11.059132615539333,10041.216328584022,15895.001052356616,1.1925108142292116,1.0733230868771324,<scipy.interpolate._cubic.PchipInterpolator object at 0x000001DD2AB2B9A0>,True,SUCCESS,415.70405967046344,262.52180705977514,153.43424962954225,10.19775007977621,500000.9690678417,59959.845479672615,134.06996656470164,3525.3172007887106
-10.87387763034811,10016.093652114772,15883.507435230194,0.9679888464445139,0.9208974524511326,<scipy.interpolate._cubic.PchipInterpolator object at 0x000001DD2AB2BF50>,True,SUCCESS,517.2169520681371,347.44413823122136,169.8806291074533,10.098965142642196,464553.9302547536,59619.684018820735,130.95833048810982,3512.85679191463
-10.69430214831951,10019.771940895373,16027.774676521105,0.9904648665727507,0.9416549449788384,<scipy.interpolate._cubic.PchipInterpolator object at 0x000001DD2AC701A0>,True,SUCCESS,484.4520204648227,320.170751836356,164.94114310049068,9.816571584322833,475833.8672374421,59628.32371882558,133.98191257280314,3514.6170072618424
-10.563666181461583,9924.219128065779,16339.253366190727,1.0495796016034946,1.0521133700756222,<scipy.interpolate._cubic.PchipInterpolator object at 0x000001DD2AC704B0>,True,SUCCESS,,,,8.298949306182266,500000.02045682585,59749.42941927496,129.3814371495214,3529.0322996065524
-10.568775050611018,9953.228100457209,15983.12488161796,1.0086201283370557,0.9236709296881039,<scipy.interpolate._cubic.PchipInterpolator object at 0x000001DD2AC70520>,True,SUCCESS,,,,7.703455051150907,500000.0986930679,60020.80993338136,125.9993434472517,3532.225152977092
-11.276898730517946,10016.753337724032,16064.059098659269,1.0535088474049652,1.0284864807886593,<scipy.interpolate._cubic.PchipInterpolator object at 0x000001DD2AC708A0>,True,SUCCESS,,,,12.709248859853878,477552.9255397177,59988.40850754393,138.24110404195972,3511.964308849376
-10.572151176039734,10022.200564908153,16330.187264694221,1.1759764833349675,0.9697374946984125,<scipy.interpolate._cubic.PchipInterpolator object at 0x000001DD2AC71320>,True,SUCCESS,,,,9.639640810349784,500000.0002648566,60024.41938772224,133.1575664819875,3525.68048426971
-11.050528265817045,9961.454739471461,16224.749927612535,1.1899887799340498,1.0301801392585888,<scipy.interpolate._cubic.PchipInterpolator object at 0x000001DD2AC71630>,True,SUCCESS,410.64247240170675,255.99995343692612,154.64251896478063,9.295389282493032,499999.89592228085,59919.12584807223,144.6466106955222,3515.4301510783207
-10.675294561992912,10011.544582595068,16426.962285039885,1.1335151948461153,1.006875180564454,<scipy.interpolate._cubic.PchipInterpolator object at 0x000001DD2AC719B0>,True,SUCCESS,395.96839287992566,243.6962378032533,153.43711228888898,8.499254477094519,499999.35565985355,59680.45955578272,121.15486811780056,3536.779325372261
-10.540432048100445,9982.73841012105,15883.4741688635,1.1186601731086887,1.0303325586741647,<scipy.interpolate._cubic.PchipInterpolator object at 0x000001DD2A8E7460>,True,SUCCESS,372.67988924751364,231.08013613375428,142.09656971969363,9.052355774819684,497977.1505078351,59642.66518000966,149.86301502472497,3509.62600004087
-11.060130015470717,10051.390206253694,16018.137801115708,0.9674019851179695,1.1630063476865173,<scipy.interpolate._cubic.PchipInterpolator object at 0x000001DD2AC72660>,True,SUCCESS,,,,113.02907631451386,500000.0006122215,-3323299.35706138,2245.593146980144,1850.7808373314854
-10.725481215205814,10011.748973634736,16050.226350159553,1.1437226712659394,0.866966376471529,<scipy.interpolate._cubic.PchipInterpolator object at 0x000001DD2AC72740>,True,SUCCESS,,,,11.753178254161707,500000.1722507019,59500.76198218895,140.40180403507202,3519.1486882189124
-10.474948502294714,9972.234553256685,15747.390311499037,1.0950684638082087,1.0149641384808912,<scipy.interpolate._cubic.PchipInterpolator object at 0x000001DD2AC72890>,True,SUCCESS,395.72241304537386,250.4435365892452,145.9552283585153,9.645798496369844,457042.38264028454,60026.23310043317,142.4772978101605,3499.538063275478
-10.644383944760445,10030.745857156491,15952.009750249143,0.9723013231366012,1.0106646513860276,<scipy.interpolate._cubic.PchipInterpolator object at 0x000001DD2AC72C10>,True,SUCCESS,,,,9.186208264734697,481067.0756239301,59747.894303938396,132.74828408456824,3518.496096848691
-11.050787430583318,10008.421155117105,16275.065257282755,1.0256468369746568,1.0100842513708752,<scipy.interpolate._cubic.PchipInterpolator object at 0x000001DD2AC72D60>,True,SUCCESS,,,,11.676906205644055,460916.2020932752,59854.81291205945,135.19028543413742,3507.5184743796244
-10.772392073767433,10017.96764552495,16127.873511206804,1.0903956285603413,0.8680134532183621,<scipy.interpolate._cubic.PchipInterpolator object at 0x000001DD2AC73150>,True,SUCCESS,540.9806531652026,365.76327035711387,176.07130632728808,10.332791330051634,499999.98757343454,59604.767649749614,138.223550359588,3520.9747555308045
-10.72085493932779,10009.200806667319,15959.523530070395,1.1160055965938076,1.0239274167850168,<scipy.interpolate._cubic.PchipInterpolator object at 0x000001DD2AC73A10>,True,SUCCESS,,,,11.894433296244376,485096.9762368993,59562.94463019568,143.51926959745106,3510.433788934643
-11.012476057831051,10025.765919186953,16332.996788915114,1.033734232346901,1.0838314382300984,<scipy.interpolate._cubic.PchipInterpolator object at 0x000001DD2AC73D90>,True,SUCCESS,,,,10.094289376378628,499999.9863112009,59911.173688316056,123.93115328415979,3534.4149123354923
-10.84362495349364,9996.440771739924,15479.915489235613,0.9482835982504487,1.1165634815806769,<scipy.interpolate._cubic.PchipInterpolator object at 0x000001DD2AC73EE0>,True,SUCCESS,347.5254803633077,211.7913561598239,135.779389034256,8.382240432938278,499999.96740319586,59749.60275950634,129.49060754247967,3529.007699199448
-10.703654889458672,10004.199474912195,16328.399801814277,1.013090105636188,0.9802215499613616,<scipy.interpolate._cubic.PchipInterpolator object at 0x000001DD2AC34280>,True,SUCCESS,461.3968926565176,298.3453581720036,164.36727130338159,9.376982919984604,499999.54643384746,59581.1060494447,129.26658291490003,3529.448754635497
-10.47044856832214,10037.23146132441,15888.185651872076,1.0195473370355392,0.8134317431683304,<scipy.interpolate._cubic.PchipInterpolator object at 0x000001DD2AC34360>,True,SUCCESS,438.1728795417871,283.47592239433465,155.93075816112994,7.898270357966247,489824.0989160545,60021.00364062999,136.5272465102953,3518.8578770024596
-10.599686378054873,10039.894578262756,15451.109431761337,0.9942515803825225,0.9070443989658034,<scipy.interpolate._cubic.PchipInterpolator object at 0x000001DD2AC341A0>,True,SUCCESS,,,,8.674878415679922,491119.4447088644,59786.59305969531,134.379724385798,3521.215823199539
-10.54440084374442,9992.805374866955,15958.52008801566,1.1957385301961616,0.8892070876324081,<scipy.interpolate._cubic.PchipInterpolator object at 0x000001DD2AC34590>,True,SUCCESS,462.87785127368477,303.8888791556065,159.6796388751398,10.110527677168912,499999.98942957824,59700.384560964834,140.0003391984501,3519.6218417070518
-10.345551432943848,9936.150881899313,15884.646969267427,1.1071523546590247,1.1106236666553084,<scipy.interpolate._cubic.PchipInterpolator object at 0x000001DD2AC34830>,True,SUCCESS,307.92802909889326,179.56195413421705,129.06174597223273,7.806088388540089,499999.646547862,60023.07658950834,145.05974840705903,3514.9695989387183
-10.802882491122217,9991.436762511052,16418.684434266703,0.8914183422689608,0.8726456736465894,<scipy.interpolate._cubic.PchipInterpolator object at 0x000001DD2AC34980>,True,SUCCESS,574.4688972047668,390.3568081254827,185.85669669457485,9.659857147045466,500000.4952756085,59739.3339729839,120.77976050202142,3537.3172641244887
-11.011184182113144,10012.811860866475,16037.365835901157,1.0982571676731538,1.037911141941035,<scipy.interpolate._cubic.PchipInterpolator object at 0x000001DD2AC349F0>,True,SUCCESS,,,,9.709875862469078,500000.10346946697,59906.521987866625,128.93879759677793,3529.6557629714175
-10.98001694448975,9968.617350175798,15990.79266132211,0.9809073046877057,0.9316731536480807,<scipy.interpolate._cubic.PchipInterpolator object at 0x000001DD2AC34E50>,True,SUCCESS,479.15970118870075,313.7680667109566,165.669097062179,9.124776480547453,499999.5828601168,59853.48366712089,132.9240023034422,3525.9942562065467
-10.511626374869529,10015.160425036403,16001.68009544807,1.0712763499765354,0.8631202286579531,<scipy.interpolate._cubic.PchipInterpolator object at 0x000001DD2AC36200>,True,SUCCESS,486.71981650976767,323.67591189265363,164.2793336887512,9.806109318191812,462931.4530133203,60025.31704463827,140.43438937162819,3503.4137442034544
-10.91983699749948,10025.189390618547,15823.607708131316,1.0741241202405607,0.8297150198106997,<scipy.interpolate._cubic.PchipInterpolator object at 0x000001DD2AC36350>,True,SUCCESS,548.1700431072883,374.41009356719707,175.13962256821813,10.172332367206733,499999.80740852316,59606.90699987101,139.46417013773862,3520.3048851337053
-10.636624719065479,10025.714810347443,16047.5367048138,1.0179149861243713,1.1288725791348082,<scipy.interpolate._cubic.PchipInterpolator object at 0x000001DD2AC363C0>,True,SUCCESS,412.22386392590147,262.28908338220117,151.25925472363195,10.26848367597483,459081.2165990635,59602.45942710519,136.1895923598986,3506.045889976039
-10.426377466763844,9987.58762017039,15964.055041075002,1.0490600687703815,0.9605430291162095,<scipy.interpolate._cubic.PchipInterpolator object at 0x000001DD2AC36900>,True,SUCCESS,,,,8.305346431249736,489961.78380199405,60020.27173720517,142.14736859322602,3513.721754150128
-10.668379660278848,10034.082552693528,15938.246752846711,1.1064563858750376,1.0108761832820092,<scipy.interpolate._cubic.PchipInterpolator object at 0x000001DD2AC36CF0>,True,SUCCESS,419.7442683210436,268.2114745181747,152.8849699266622,9.767083588260578,500000.51525844814,59718.48943558943,128.04398481488715,3530.7047773937184
-10.473897299459793,10000.764910845148,16006.851831884967,1.0967160476638425,0.8711351234684619,<scipy.interpolate._cubic.PchipInterpolator object at 0x000001DD2AC36C80>,True,SUCCESS,460.0297241838846,300.8714310395207,160.18928823635272,9.26911326512989,481630.25468054967,60025.49115258392,142.55575036530445,3509.552032807399
-10.853551828162075,9964.427001104323,15779.816630041214,1.0168513677850946,1.18468535342342,<scipy.interpolate._cubic.PchipInterpolator object at 0x000001DD2AC372A0>,True,SUCCESS,411.5573325972804,262.055629419681,150.36049346798814,10.7814289828358,493259.71296734986,59482.642038164646,132.84296319339865,3523.137889393288
-10.703607404706226,10026.421948396744,15956.942246082413,1.095927820086574,0.9356340189859556,<scipy.interpolate._cubic.PchipInterpolator object at 0x000001DD2AC37620>,True,SUCCESS,462.5861906219093,302.7476333161573,160.72513095494037,9.859361087867294,500000.00411633804,59607.85736777859,128.53678006702648,3529.7574747343047
-10.444343515570313,9928.230978856041,16134.697226646924,1.062271783473942,1.03174323304566,<scipy.interpolate._cubic.PchipInterpolator object at 0x000001DD2AC37460>,True,SUCCESS,377.24833362036304,233.8594900706977,144.74189264577848,8.724330248899264,491077.2868960747,59774.75227416861,143.97357591056516,3512.5236547045392
-11.25306695599191,9991.867688562086,16160.146187800467,1.1174403916964677,0.8446111759866666,<scipy.interpolate._cubic.PchipInterpolator object at 0x000001DD2AC377E0>,True,SUCCESS,640.7477076688928,446.6146406800827,195.8366510869854,11.553451551531177,499999.57832554507,59976.86801798788,133.44029398217663,3525.242913920899
-10.593864646838293,9962.217732393801,15708.537467379707,1.160238425730682,1.118623205731786,<scipy.interpolate._cubic.PchipInterpolator object at 0x000001DD2AC37E00>,True,SUCCESS,322.3912119377175,191.99267168532873,131.0233372859563,8.646074836004866,499999.17494708154,59608.6506648384,132.36409808448389,3526.6291699793433
-10.850412527337328,9982.2371907772,15940.636061471916,1.1891229859301649,0.8350484428458159,<scipy.interpolate._cubic.PchipInterpolator object at 0x000001DD2AC37D20>,True,SUCCESS,507.0245559232294,337.37329013618154,169.65126578704786,9.758105425608813,499999.9997989451,59800.45524592535,128.68706468362234,3529.738376555828
-11.108790492849279,10015.640978942605,15717.313782326584,1.2777678465142344,0.9345149794530941,<scipy.interpolate._cubic.PchipInterpolator object at 0x000001DD2ACF0130>,True,SUCCESS,484.5410724532562,320.4046005268651,164.13647192639107,11.047867622455756,500000.3287850801,59988.102203169125,135.14755701972217,3524.253578547485
-10.861568440255349,9958.984444855216,15883.025618547419,0.9932912629853501,1.0087937855487041,<scipy.interpolate._cubic.PchipInterpolator object at 0x000001DD2ACF02F0>,True,SUCCESS,,,,10.147246240185774,500000.086675292,59525.76987794315,128.08836948738826,3530.3470500116796
-10.686421392196294,10030.55340364749,16250.822044539053,1.1341141104859507,1.205948706869615,<scipy.interpolate._cubic.PchipInterpolator object at 0x000001DD2ACF0440>,True,SUCCESS,321.84095858227454,186.9657609649618,135.86184116780694,8.325079763878255,499997.6161275059,59840.06305229447,115.33388638319866,3542.1664018390243
-10.821281888179724,9994.426323125557,16030.131559520572,1.0992594125376636,0.8358116501699266,<scipy.interpolate._cubic.PchipInterpolator object at 0x000001DD2ACF0280>,True,SUCCESS,580.6552011748056,400.2502089080841,181.78736396027506,10.85530105961332,500000.17999600794,59490.49143142566,135.36708271814086,3523.550758190518
-10.723056520701741,9941.1468630267,16059.919356555101,1.2398833821025796,1.1273980843591254,<scipy.interpolate._cubic.PchipInterpolator object at 0x000001DD2ACF0910>,True,SUCCESS,427.91620389584193,273.6753213779531,154.77191538093024,11.64718049262022,500000.16027641576,59480.69381531312,142.4519648017822,3517.646192224911
-10.639611352267245,9996.334793122862,16081.238117453835,1.0260465567407009,0.8827694395061685,<scipy.interpolate._cubic.PchipInterpolator object at 0x000001DD2ACF0D00>,True,SUCCESS,,,,10.790204405244882,451046.07888804626,59699.00128798226,134.922741653279,3503.4587825157637
-10.54527735572052,9968.573836967178,15990.373601274385,0.9838139888901889,0.9842906847572217,<scipy.interpolate._cubic.PchipInterpolator object at 0x000001DD2ACF1080>,True,SUCCESS,386.2139680821397,241.32196558341414,145.67931090233725,8.218687223199444,468630.0239726927,59629.858788766374,139.23226646854937,3507.274205242888
-10.89257086012917,10013.536266604346,16109.915702527584,1.1383832185350213,1.13060907849021,<scipy.interpolate._cubic.PchipInterpolator object at 0x000001DD2ACF12B0>,True,SUCCESS,529.3617594736502,356.5169331446616,172.91418674761982,13.668475694434411,458060.9203380955,59490.22199239872,144.82751363034095,3497.1360784946655
-10.744403944833673,10038.434706599382,15877.693930660887,0.9456706443450736,0.9860503864054007,<scipy.interpolate._cubic.PchipInterpolator object at 0x000001DD2A8E6F20>,True,SUCCESS,493.4511321582664,328.85321720488577,165.34948214538846,10.501932385152811,457226.9179382812,59702.5428260374,126.44683083296968,3513.689298971711
-10.513174211241795,10059.334788011973,15987.472931264112,0.8949909021040192,1.1812333309516343,<scipy.interpolate._cubic.PchipInterpolator object at 0x000001DD2ACF19B0>,True,SUCCESS,413.6184840139481,264.2057050457052,150.68934840245728,341.77781827970864,499999.99151789973,-3357315.477597474,2068.222176304479,1958.264931390711
-10.859633710077645,9950.318489109255,16043.910930994163,1.0161348192281359,1.04896091529815,<scipy.interpolate._cubic.PchipInterpolator object at 0x000001DD2ACF1D30>,True,SUCCESS,448.76796331395656,289.23650437460657,160.07793499848523,9.853725725457316,500000.6099637645,59768.314361957426,130.00276881315767,3528.9067356385117
-11.024443374339375,9982.250278662248,15801.986191791988,0.9610086599147929,0.9500803759775586,<scipy.interpolate._cubic.PchipInterpolator object at 0x000001DD2ACF20B0>,True,SUCCESS,474.48437527955286,312.35222577669214,162.9100829138423,9.408603264561851,465686.1734450272,59798.05854428305,132.6039956911436,3511.770879550332
-10.644692920232576,9930.681052070895,15725.246382516842,1.0291392522729725,0.9670999529806165,<scipy.interpolate._cubic.PchipInterpolator object at 0x000001DD2ACF26D0>,True,SUCCESS,393.652977666831,248.01816713465848,146.28300181137334,8.604570672095898,499999.9904280635,59838.29516803178,126.11721475711647,3532.080646592214
-10.663574661260505,10001.465198381595,16115.525473168344,1.0336367553081645,0.9910355983418828,<scipy.interpolate._cubic.PchipInterpolator object at 0x000001DD2ACF29E0>,True,SUCCESS,453.2282554485821,294.7008141821193,159.51740591508613,9.74727425976132,463869.23322174064,59644.93711483432,141.02953868319764,3503.378659402318
-11.15998809896854,9975.134173968403,16168.947540897494,1.0914873166788186,0.9684631305377385,<scipy.interpolate._cubic.PchipInterpolator object at 0x000001DD2ACF2CF0>,True,SUCCESS,517.5561359266604,342.9274834925313,174.62865243412912,10.621141839005086,499999.9740807517,59966.601463413324,141.25454632468382,3518.463515033945
-10.781097397308656,10031.709954661168,15963.316309155452,0.9868548288546333,1.0087887812430385,<scipy.interpolate._cubic.PchipInterpolator object at 0x000001DD2ACF3380>,True,SUCCESS,493.45882467136107,328.9568023569923,165.99352470848834,10.803313751190128,454440.63895817375,59524.780636702024,129.360158069082,3510.03583975439
-10.620228714233434,10084.068114752436,15955.972521478156,1.1124215351291962,0.9963049889865339,<scipy.interpolate._cubic.PchipInterpolator object at 0x000001DD2ACF3A10>,True,SUCCESS,401.0146945980216,251.71519939050617,150.27951937353038,8.977636306358031,499999.8998632178,60026.8010164549,127.84529936540775,3530.972515392923
-10.744240023856745,10034.978028442265,15835.780571062714,1.1672104416303264,0.9946899616443088,<scipy.interpolate._cubic.PchipInterpolator object at 0x000001DD2ACF3BD0>,True,SUCCESS,344.736275161246,207.12510920477575,138.30404057823316,7.838393444227,499999.3631089089,59750.277389460614,111.59718516335306,3545.180129448261
-11.10134356612165,10016.043679401004,15873.400983779811,1.0861057042238424,1.1065908615597753,<scipy.interpolate._cubic.PchipInterpolator object at 0x000001DD2AAF4130>,True,SUCCESS,,,,13.651213966303546,465327.40507111896,59965.63289112966,138.35976235237786,3506.510300147494
-10.650090245385861,10031.58370508549,16223.168726627913,0.9962551901222072,1.0515144367452691,<scipy.interpolate._cubic.PchipInterpolator object at 0x000001DD2AAF4280>,True,SUCCESS,449.56812703179935,291.1346969934506,160.10669510335165,10.076357754500918,460657.86033363163,59707.464603678396,133.42604426042317,3508.667928908706
-10.743336805350426,10018.24892163994,15989.292690835971,1.0646403692185067,1.0147049293908748,<scipy.interpolate._cubic.PchipInterpolator object at 0x000001DD2AAF47C0>,True,SUCCESS,,,,9.7983356281597,500000.04557305254,59667.648232908155,123.16758954829083,3535.241419186396
-10.954267640295042,10034.83470384703,16102.510390562666,1.2104856385121516,0.9493365236625153,<scipy.interpolate._cubic.PchipInterpolator object at 0x000001DD2AAF5550>,True,SUCCESS,,,,12.092901537757475,500000.0017223446,59616.73791380505,141.45869933335825,3518.6982219243473
-10.549565635967351,9997.325303771187,16103.936977403424,1.1294872772431745,1.0450230233316482,<scipy.interpolate._cubic.PchipInterpolator object at 0x000001DD2AAF5A20>,True,SUCCESS,409.844968167635,259.87673229507226,151.56245995677898,9.917794208860261,500000.0543772334,59861.83348002733,143.4438170843464,3516.1785928933705
-10.940497001386143,9988.374016899952,16507.31108596403,1.333004936696621,1.044370255360827,<scipy.interpolate._cubic.PchipInterpolator object at 0x000001DD2AAF5940>,True,SUCCESS,542.9963115255299,363.08196899043037,181.6977747259334,13.28565339563558,499999.9848053157,59827.43186089732,142.15579871084628,3517.487053192352
-11.036375647235396,9964.211438775146,15756.244220838244,0.9934523579006528,0.9883436001108461,<scipy.interpolate._cubic.PchipInterpolator object at 0x000001DD2AAF62E0>,True,SUCCESS,428.4744226637041,273.74538017422566,154.80840808948082,8.830008131337234,500000.0507070418,59919.68725066701,123.71276025724728,3534.419996125437
-10.567603607926682,9997.206266549847,16194.693385039409,0.9988810102042436,1.0542594156745866,<scipy.interpolate._cubic.PchipInterpolator object at 0x000001DD2AAF64A0>,True,SUCCESS,392.4243371358426,244.61601868385353,149.06374154985576,8.744127344488675,499999.5491357802,59778.273838395005,133.70159330430715,3525.004648271078
-10.758089327590294,9965.846282445335,16061.199855330433,1.051242474343509,0.8774833338354823,<scipy.interpolate._cubic.PchipInterpolator object at 0x000001DD2AAF6D60>,True,SUCCESS,,,,9.609751136079504,500000.0010160206,59695.90083192417,121.22276898935388,3536.6537480371994
-10.695755640287574,10012.283114524183,15994.860787749647,1.0905187333626776,0.9649810666526374,<scipy.interpolate._cubic.PchipInterpolator object at 0x000001DD2AAF7000>,True,SUCCESS,482.52197525811323,319.0404694184402,164.1018959507507,10.664969607594664,496160.46531880315,59594.01953521254,139.90966074839662,3517.7908875276553
-10.920053332124645,10017.19432376186,15783.31653072122,1.1339148851790641,1.009734280017822,<scipy.interpolate._cubic.PchipInterpolator object at 0x000001DD2AAF7230>,True,SUCCESS,519.1810516531709,350.4791066513334,169.8389460258872,12.175369028796423,499999.96200557315,59768.48511290238,135.03251047589083,3524.1428999606223
-10.967442162094086,10022.575020386792,15735.08783972976,1.028949959016598,0.9762343762764949,<scipy.interpolate._cubic.PchipInterpolator object at 0x000001DD2AC04590>,True,SUCCESS,,,,10.237256989016421,500000.1888102717,59824.114667890906,126.27888143919927,3531.7951946041553
-10.570621830145905,9995.036907673055,16098.483418902166,1.1312812843177724,1.035552501696142,<scipy.interpolate._cubic.PchipInterpolator object at 0x000001DD2AC04360>,True,SUCCESS,476.44820275268285,315.0482194780235,163.14384126513835,11.726916942004959,452061.0204425177,59862.1627069409,145.77487303116732,3494.053516134512
-11.28219004637908,9996.366435149148,15890.951946966365,1.0348968413530133,1.0906159760358103,<scipy.interpolate._cubic.PchipInterpolator object at 0x000001DD2AC04BB0>,True,SUCCESS,559.9164275929631,379.9325638613301,179.98386373163302,12.879240474930212,500000.0941973897,59983.88083785803,131.96898459924387,3526.709389326376
-10.70463386755176,9993.257615264158,16082.500213286621,1.0464669677134555,1.0563690141819893,<scipy.interpolate._cubic.PchipInterpolator object at 0x000001DD2AC04D70>,True,SUCCESS,427.3933310774097,273.4850796720931,155.20588449801681,9.880596596785516,499999.86495563353,59569.03674798954,130.54746691797664,3528.5605597347026
-11.090797123629859,9985.044404215045,16170.483173151646,1.1321674478799872,1.0507160556425201,<scipy.interpolate._cubic.PchipInterpolator object at 0x000001DD2AC054E0>,True,SUCCESS,503.9217239676468,333.2019167364676,171.47537720304024,11.546863849797042,499999.86611289316,59561.391137599356,144.396346418112,3515.3750413861903
-10.699872826732676,10061.384430851222,16019.875731927017,1.110065703170171,1.1074748689652676,<scipy.interpolate._cubic.PchipInterpolator object at 0x000001DD2AC06190>,True,SUCCESS,415.2821867162752,264.1789375175982,152.2592426017485,10.43925679300331,499999.96614553453,59539.812227372626,141.6852362503464,3518.0155949186674
-10.721729811014301,10063.541152644944,16205.233722650795,1.2206583852809365,1.1195625948246513,<scipy.interpolate._cubic.PchipInterpolator object at 0x000001DD2AC063C0>,True,SUCCESS,469.702244319246,307.7219467368978,163.09820478503653,12.647376952442988,499999.14557509165,59506.110738327,140.3455583543,3519.374980878952
-11.155712118316263,10030.043949689963,16139.578455523008,1.0657612307170754,0.94329254400568,<scipy.interpolate._cubic.PchipInterpolator object at 0x000001DD2AC066D0>,True,SUCCESS,,,,11.327520787717205,500000.74225154275,59981.76978150171,121.15277555224066,3536.891592901303
-10.87545586872239,10073.269265335093,16054.083451120541,0.9671793635749034,0.8503712590575203,<scipy.interpolate._cubic.PchipInterpolator object at 0x000001DD2AC06A50>,True,SUCCESS,,,,9.942987349199848,476528.22058031964,59739.596772005665,132.532498235008,3516.7731822705728
-10.870344220969914,9988.494203261484,15966.935495181882,1.1582982186729203,1.11427995688508,<scipy.interpolate._cubic.PchipInterpolator object at 0x000001DD2AC06AC0>,True,SUCCESS,,,,8.422232824922935,500000.20160940464,59629.15269800209,112.83014544557818,3544.4068911972236
-11.061833289864992,10008.72374780873,15913.243301886685,0.9336540790751131,1.0439322652238991,<scipy.interpolate._cubic.PchipInterpolator object at 0x000001DD2AC06CF0>,True,SUCCESS,458.8310632978511,298.06105325065823,162.1643899286232,9.614766464726237,499999.9776575011,59951.600894635485,128.14075436383246,3530.1386791413097
-11.101181669229371,9939.630681905965,15998.428937603585,1.0074269664023505,0.9713028268431245,<scipy.interpolate._cubic.PchipInterpolator object at 0x000001DD2AC07150>,True,SUCCESS,480.6435525254288,314.61972386895144,166.10733716494644,9.619028059805933,499999.88990485546,59931.62727786514,136.54566821794742,3522.42009348843
-10.573119925036453,9969.626474584733,15854.442099313175,1.057811254372285,0.8483010618736158,<scipy.interpolate._cubic.PchipInterpolator object at 0x000001DD2AC071C0>,True,SUCCESS,,,,8.717957378522337,500000.0673918574,59717.28665325833,135.03641125369586,3524.302133678989
-10.554005668287395,10023.752082680738,15842.007557834952,1.0876792111353584,0.881460231641578,<scipy.interpolate._cubic.PchipInterpolator object at 0x000001DD2AC070E0>,True,SUCCESS,,,,8.256777751786553,499999.955045558,60020.70924214502,128.87496684776488,3529.975709052607
-10.536223737224125,9970.884149528129,16201.90720648744,1.04895907012977,0.8828954789083282,<scipy.interpolate._cubic.PchipInterpolator object at 0x000001DD2AC074D0>,True,SUCCESS,452.0267940664048,292.9797604804115,160.2793080405744,8.708851372066212,500000.00504239835,59712.12116486221,136.35517960946072,3522.7853080124937
-10.658193422123496,9943.472379493278,16423.346637539853,1.0259425618255889,1.0556777473944814,<scipy.interpolate._cubic.PchipInterpolator object at 0x000001DD2AC07770>,True,SUCCESS,,,,9.117425583872866,500000.0784482292,59657.483850149256,130.42550879597275,3528.3298417411656
