lift to drag ratio,velocity,apoapsis,delta_v,exit_velocity,g_load_max,heat_flux_max,convective_heat_max,radiative_heat_max
0.9,14000.0,477780.11544369225,128.56672973174682,3520.897027822013,6.82706687713175,237.4058470815143,106.01223205472685,131.39361502678747
1.0,14000.0,499999.7732072048,132.07025277129742,3527.2375752268927,7.159573759655257,236.24877033604542,105.726961115757,130.52180922028842
1.1,14000.0,500000.0121959409,131.33210204107536,3527.5077322936777,7.584706571106043,238.99623946515035,106.39540475686115,132.6008347082892
1.2000000000000002,14000.0,499999.6872276754,131.2335637377373,3527.7636569058445,8.014085359961163,240.6985581884543,106.81549040906137,133.88306777939295
1.3,14000.0,499999.8966736182,130.5403948429339,3528.112373107627,8.364191299589217,239.04015731083368,106.40500501618124,132.63515229465244
1.4000000000000001,14000.0,499999.98982494354,130.51840380035856,3528.0693820433967,8.83301139074793,240.56903107950157,106.78658162112907,133.7824494583725
1.5,14000.0,499999.778252188,129.315035295273,3529.438596409536,9.31129593033875,241.97823754650287,107.12031731371584,134.85792023278702
1.6,14000.0,499999.84926235804,127.54360419706427,3531.0834877235125,9.641833885193622,238.83595141320177,106.35359644330951,132.48235496989224
1.7000000000000002,14000.0,500000.3496257952,128.33715357043639,3530.4899702404605,10.117279114659832,238.5384504753867,106.28984221139928,132.24860826398742
1.8,14000.0,499999.9798559896,128.20231860244076,3530.0866671753483,10.606774946702126,241.23174376020773,106.93993073989928,134.29181302030844
1.9000000000000001,14000.0,499999.76608987275,126.71504161818484,3531.9905335937983,11.126179882982631,243.2387597180524,107.42301177533015,135.81574794272225
2.0,14000.0,499999.92293567973,127.7133792109039,3530.823981899714,11.52123475647589,240.4614573139483,106.7454604170699,133.7159968968784
0.9,14200.0,482385.7544117947,129.20793469790624,3522.097347224006,7.062802957835763,254.0802074149467,110.39154840902192,143.68865900592476
1.0,14200.0,499999.960808896,132.43473932420557,3526.5186158851784,7.3893183533365105,253.6282182739524,110.28333144491921,143.3448868290332
1.1,14200.0,497727.60869563505,136.94329216774395,3521.5131517911045,7.809432039531307,255.36473808936222,110.68690710215061,144.6778309872116
1.2000000000000002,14200.0,499999.8866379539,130.81504499629136,3527.857049144716,8.219797647596769,255.31338717480514,110.68852558971837,144.6248615850868
1.3,14200.0,499999.83062545146,129.79826888785647,3529.2970708356875,8.662548762804024,256.2160888829431,110.88223652721841,145.33385235572467
1.4000000000000001,14200.0,500000.3239585068,129.33277721979357,3529.5340573309195,9.048532053912725,253.36148090110984,110.2298677112721,143.13161318983774
1.5,14200.0,499999.8986659564,129.01153996561106,3530.0172005192,9.531486165623969,257.75588799831064,111.2430132469803,146.51287475133037
1.6,14200.0,500000.0422043304,127.86139424935573,3530.4356548431715,10.021728796170898,256.90553156768897,111.03846022757455,145.86707134011445
1.7000000000000002,14200.0,500000.0763488037,128.3095473980643,3530.5800858920134,10.274930975644478,252.96887266630517,110.13096883017484,142.83790383613035
1.8,14200.0,499999.7498909107,126.76223322684746,3531.799228076923,10.984710305490152,258.76196848304977,111.48859248947883,147.27337599357094
1.9000000000000001,14200.0,499999.7807969797,126.88413796391205,3531.553084495219,11.383229367632563,260.2139962185345,111.80854019823835,148.40545602029616
2.0,14200.0,499999.8728297982,127.70034183105827,3530.835002878884,11.773457168297101,257.3853908820238,111.20973768690924,146.24355164262406
0.9,14400.0,481706.9229983132,129.1127721624348,3521.925430424385,7.226885883165061,272.3252426168492,115.16681873070048,157.2466153165895
1.0,14400.0,500000.0267033561,132.65373817825503,3526.06124468428,7.618957140301868,273.03398590199356,115.33406866560827,157.7951902250645
1.1,14400.0,499999.90502652724,131.00341528229046,3528.181405313672,8.020305937805043,273.99753512238067,115.54648148328837,158.5368663023628
1.2000000000000002,14400.0,499999.9034498808,130.82844588915577,3527.8383375405374,8.352110776088004,269.6063276380052,114.5220485298864,155.1458142342252
1.3,14400.0,499999.90065062797,130.8060562852388,3527.8457979658992,8.91715154493117,274.40431152978664,115.70260065781989,158.85687523291887
1.4000000000000001,14400.0,500000.27709641086,130.06165678802563,3528.9245090280306,9.264700132597712,271.3081963281902,114.92136738076972,156.46283325098085
1.5,14400.0,499999.92511364433,129.02397810709363,3530.001605742629,9.7694176224502,275.7553957694113,115.94472158040753,159.89617242242826
1.6,14400.0,500000.09617812035,127.8672886392651,3530.4392727707523,10.158326255729005,273.4182764024814,115.51533298023986,157.92328736363226
1.7000000000000002,14400.0,499999.81991291355,128.40870958643882,3530.284400424499,10.634732842481716,272.29285335871396,115.18185028042011,157.22711320795426
1.8,14400.0,500000.3888855008,126.61707426420844,3532.056682019747,11.220291253914741,273.40413465093127,115.33088788142274,158.07324676950856
1.9000000000000001,14400.0,499999.800132271,126.84877779851149,3531.6532596734028,11.658220751727294,277.1428617265595,116.36700159954478,160.94142359863645
2.0,14400.0,500000.3843048867,127.6996701586645,3530.9966609847156,12.086948301932944,275.5958598682736,116.00502586064715,159.5908340076264
0.9,14600.0,479924.64207930025,128.8591329630417,3521.463404816381,7.417557125784678,290.30162705919497,119.81112780436693,170.80368704360657
1.0,14600.0,499999.8553657195,133.20421014886915,3525.9362260567273,7.785162742455678,290.49746317345864,119.8653676334027,170.8281114253213
1.1,14600.0,500000.107231259,131.13164960787026,3527.9333122238036,8.180195154571592,290.25873733088065,119.77564417412336,170.76613456144847
1.2000000000000002,14600.0,499999.836364125,131.26176287655517,3527.7007648048084,8.628372588532242,289.8882070802012,119.71678689564664,170.49058522787217
1.3,14600.0,500000.02427213563,130.96234476275004,3527.5356900504435,9.107503939089405,293.46385319236487,120.51250802302778,173.2631780238516
1.4000000000000001,14600.0,499999.88767043175,129.95098326323478,3529.1609601529963,9.435330762412885,289.4231234589546,119.61790418007784,169.90749337145556
1.5,14600.0,500000.0790815219,128.9633402401896,3529.439049876836,10.040109751464936,292.4786408461701,120.11585715331275,172.50023635002535
1.6,14600.0,499999.9083184675,130.50858975436404,3528.1119633367884,10.52939961159479,295.27518629801494,120.89083239124191,174.40415593800444
1.7000000000000002,14600.0,500000.30097278446,128.38313141533354,3530.3700525397358,10.935210336187428,292.8876764678944,120.36607125652355,172.69414218410742
1.8,14600.0,500000.0081883052,127.21587967549021,3530.9455423479317,11.269876715555096,287.6767256316408,119.19589969978567,168.7519899037315
1.9000000000000001,14600.0,500000.21074880613,126.73631087765534,3531.9592794363552,11.96123010889922,294.7928615892497,120.80126103790565,174.01774172241025
2.0,14600.0,499999.85331287346,127.71771613049623,3530.804725856479,12.502156807682015,295.23550710508084,120.8739136773828,174.36159342769804
0.9,14800.0,478189.58932570816,128.62476515661137,3521.0003637462123,7.570417838107695,305.9736203017508,123.91889297897134,182.49207733332128
1.0,14800.0,499999.9658808141,132.4459749077996,3526.501909776324,8.012300218579105,308.55299764188163,124.41885857546336,184.5288974330238
1.1,14800.0,499999.868654437,132.17582903892526,3526.891959504443,8.352120051283713,306.0975380224199,123.95262780449649,182.49965903069668
1.2000000000000002,14800.0,500000.0498540299,130.97395674123482,3527.540134987577,8.873189425760094,309.1031012057191,124.56601428523487,184.5370869204842
1.3,14800.0,500000.0464581413,130.45631108657426,3528.250406633811,9.30368683868588,310.7078575961118,124.93093179363701,186.18899326047614
1.4000000000000001,14800.0,500000.21091857494,130.1115210073326,3528.8492996797263,9.785675308705594,309.88767108435604,124.72409805481905,185.16357302953702
1.5,14800.0,500000.1508516651,129.05606221288554,3529.85977348393,10.116664442266273,305.48189355522635,123.82711074923618,182.04662448408166
1.6,14800.0,499999.8057494884,127.59263259690715,3531.0057682863703,10.884544742361243,313.6196852003427,125.51524819794871,188.104437002394
1.7000000000000002,14800.0,500000.3556366597,128.3461081055866,3530.4792203721586,11.2729897407649,311.7376562556197,125.10198649947309,186.63566975614663
1.8,14800.0,499999.93776180473,128.9748205082601,3529.3890907912883,11.613170620194618,306.97312628283777,124.11943020899123,182.85369607384655
1.9000000000000001,14800.0,499999.9669241529,126.74593717270955,3531.9484646897517,12.249328600779652,312.268735393269,125.14070782629533,187.4711003938358
2.0,14800.0,499999.7623062565,127.69454219154204,3530.9374254494514,12.827037553676238,314.75677658166916,125.74284000015062,189.01393658151852
0.9,15000.0,470575.4022543691,127.59327507106718,3518.965789008464,7.763475136830952,326.09323221218654,128.7423702789241,197.3508619332624
1.0,15000.0,499999.9077979112,132.80560186643243,3526.569679991908,8.164712864583713,325.7507804685217,128.67537100374423,197.0754094647775
1.1,15000.0,499999.8452751624,133.6024436147227,3525.5523888192047,8.574459767185054,326.5357859678744,128.82914393027926,197.70664203759515
1.2000000000000002,15000.0,499999.9996193596,131.34526398518756,3527.495791581359,9.1253582050927,330.43959025351467,129.6608069922822,200.81252080415177
1.3,15000.0,499999.6555018013,131.22168857343013,3527.6678613976937,9.509600296790893,325.97882231937,128.72830339863262,197.2505189207374
1.4000000000000001,15000.0,499999.8044476906,128.4429538484028,3530.240441825358,10.057792349483531,332.891581295749,130.14406149728288,202.76763871876705
1.5,15000.0,499999.86489229224,128.82186480112068,3529.7852631696182,10.439905651101569,326.91006921679605,128.9055931762604,198.00447604053562
1.6,15000.0,499999.76126730774,128.41884605687665,3530.1239795141373,11.036898020080981,332.41071084922146,130.06044963334534,202.37369975352118
1.7000000000000002,15000.0,499999.8337629291,128.4058634289604,3530.309264164227,11.544264738564324,332.17684468203674,130.10233395057776,202.20943899866234
1.8,15000.0,499999.76718345186,128.64174525957378,3530.025880421145,11.937578238085194,328.61613432021306,129.30704818369034,199.37295995087433
1.9000000000000001,15000.0,499999.97050023574,126.73336133988414,3531.9619916378183,12.546409290964176,326.6393716476555,128.86298481563307,197.7763868320224
2.0,15000.0,499999.8053817933,127.75795060495284,3530.6956787072404,13.137998500846514,334.7879712201136,130.57508320247217,204.27129117129385
0.9,15200.0,476332.6189404251,128.37088019950806,3520.515287596846,8.00002947778086,348.8484899466805,134.22973779932255,214.83314314611638
1.0,15200.0,500000.0415927892,132.2311640389703,3526.9414640634436,8.36795126449756,347.3748981388451,133.95328870403222,213.6541176786968
1.1,15200.0,499885.88126670895,137.22180528613035,3522.1034829286746,8.863308272033036,349.9002644680289,134.45513915077638,215.6862286292393
1.2000000000000002,15200.0,499999.9209815152,130.79771237919567,3527.879893079775,9.365259569646884,352.1302768760255,134.89293137336531,217.46706518845184
1.3,15200.0,499999.9890835356,129.08155083657675,3529.8608368084742,9.721737717105551,347.4377392735232,133.92462947399005,213.70218216425116
1.4000000000000001,15200.0,499999.843683571,130.17444038158237,3528.7000506349427,10.296176044563772,352.72309751947785,135.08404224808058,217.95602269305695
1.5,15200.0,500000.0870681285,128.99828840646842,3529.3397851538716,10.686345424784232,348.1929091677825,134.15780446331888,214.32357861297015
1.6,15200.0,500000.03324244975,127.38957352334319,3531.4134415189906,11.344562111145956,352.44508085815835,134.74302337117498,217.703677531486
1.7000000000000002,15200.0,500000.3820188756,128.3653896812316,3530.3875503563036,11.828749843265228,353.57722257215516,135.3299913858734,218.6595331319631
1.8,15200.0,499999.8908682304,128.71749382025382,3529.8852990206083,12.37657362449425,354.6322636286363,135.3846608002028,219.51317737841782
1.9000000000000001,15200.0,499999.9857113791,126.6965349998527,3532.043998425297,12.689635532008797,346.576107932803,133.77579710291593,213.01243017388836
2.0,15200.0,499999.7331886534,127.73039944715902,3530.812155464799,13.415538201395304,354.2542153286496,135.2983609959685,219.16953592080867
0.9,15400.0,469765.4200360756,127.47128388627334,3518.0187529834166,8.182650221404495,369.8859606277423,139.4269325187317,230.90450029847258
1.0,15400.0,500000.07667058613,131.81996420489304,3526.8444008372917,8.627348133574772,370.46084288848357,139.5539876097429,231.38658778475053
1.1,15400.0,499999.96757737827,134.65428203071633,3524.4883170487865,9.0838746245529,371.6131868886856,139.79690423839517,232.32207554860597
1.2000000000000002,15400.0,499999.829501625,131.31829952907947,3527.55899986594,9.550945199042488,371.80084671478613,139.73338821813076,232.4471495805039
1.3,15400.0,500000.0766901427,130.95916329009742,3527.546307572222,10.018537619656021,371.91480751246274,139.77713006528396,232.5754596497065
1.4000000000000001,15400.0,499999.9450493563,128.20382376466932,3530.7029085294253,10.573080518932853,375.4070048252836,140.44685550770703,235.3814510265486
1.5,15400.0,500000.29039649083,129.11015026074392,3529.77036515092,11.075587113395429,372.62564562951883,139.9940467038568,233.16657082072726
1.6,15400.0,500000.0696832006,127.31438734138692,3530.8718923510655,11.467473989323386,367.57507283700915,138.87801114982892,229.0238295681364
1.7000000000000002,15400.0,499999.8571441716,128.25812569775417,3529.9760687332478,12.177327006675435,374.8493035870132,140.56127497369528,234.96586554209213
1.8,15400.0,499999.8942375628,128.73985651437806,3529.8435276695704,12.725627000981985,377.1174088538259,140.84807634578013,236.8263484019633
1.9000000000000001,15400.0,500000.12160721084,127.18292636801607,3531.5832403677955,13.230103142482486,372.1706802597697,139.8287265028051,232.79356107893778
2.0,15400.0,499999.90590330213,127.8293706489012,3530.543281720231,13.761179509427217,372.593353975893,139.6712767647701,233.08385864767487
0.9,15600.0,480578.06313761964,128.9507305772313,3521.6462060236877,8.33257444905034,387.63642228491113,144.0044990659324,244.19247160036727
1.0,15600.0,500000.0368589777,133.00880885470724,3526.2640962802566,8.84046982443103,390.52713012971935,144.70715496779852,246.58558951803573
1.1,15600.0,499999.8889422258,131.51831131323934,3527.185401299851,9.348886540565026,392.3530508077271,145.01880150794074,248.0715184419538
1.2000000000000002,15600.0,500000.07546207926,130.64163826626464,3528.1573185967204,9.683271516646965,387.20564354262217,143.9419132966913,243.8432654255587
1.3,15600.0,499999.86040805944,131.1808460770594,3527.789478165075,10.260717024828123,390.8256928329034,144.77058357113324,246.8648110028499
1.4000000000000001,15600.0,500000.1881320732,128.3313504931184,3530.4597427167328,10.799109279515902,392.3546162388162,144.98573663932666,248.05702336729607
1.5,15600.0,499999.9797711484,129.05387676713917,3529.9574597961123,11.351297285559456,393.1582927938989,145.2406883057276,248.78753090514482
1.6,15600.0,500000.3165303358,127.4569287727054,3531.26796419016,11.676865229690106,386.8326157024421,143.96016052182813,243.56994561703473
1.7000000000000002,15600.0,499999.9739720466,128.31310462321517,3530.5932535459697,12.449464682830234,395.39121259464434,145.70422907663087,250.4407806553309
1.8,15600.0,500000.4162356585,128.47566669138587,3530.357533628534,13.097371001318956,399.788049525413,146.46481946865873,253.80278126221734
1.9000000000000001,15600.0,500000.11397690413,127.19999378329157,3531.567887660663,13.587584103376253,392.84325046958725,145.1060083945837,248.53672319417754
2.0,15600.0,499999.89742177073,127.7541808504784,3530.6945743693245,13.878460516015178,386.01757549912395,143.77599785581194,242.88378640770114
0.9,15800.0,479898.22580828046,128.85226680143933,3521.4628393217854,8.547392026365825,407.50416333631813,149.29188992880637,259.12801280937754
1.0,15800.0,499999.9825071843,132.44121452670743,3526.488343711754,9.061865387787945,410.39709933893937,149.8084985667463,261.4804798331022
1.1,15800.0,465209.2645526855,133.06386566386527,3511.2026611239553,9.487817379851856,410.1561597871562,149.8035874783271,261.2856409803509
1.2000000000000002,15800.0,499999.9628845219,130.78791051370172,3527.906293900024,9.881345307782494,406.4630310024743,149.16682674836417,258.27899100874885
1.3,15800.0,500000.0023333528,130.59532202979062,3528.0121785331517,10.555660206231341,415.45333392572513,150.82311681449346,265.1700250622411
1.4000000000000001,15800.0,499999.8942048873,129.65768545359333,3528.9584536542443,10.938963450200198,407.4570236412154,149.2149308849236,259.06246377350715
1.5,15800.0,500000.0786848477,128.9601701917759,3529.4396379971786,11.60690559039926,414.46027415325165,150.76149171708119,264.17112702804576
1.6,15800.0,500000.38110930746,127.51504183447469,3531.172279730242,12.13280513084813,411.7972140791285,150.08220486438128,262.69993312889994
1.7000000000000002,15800.0,500000.34334366524,128.34616013652385,3530.4934827000807,12.859484643015344,418.0028045388405,151.1269549386886,267.7448060730969
1.8,15800.0,500000.3546883669,126.64808607816258,3531.9953914828816,13.222077143012664,415.95186368418547,151.1021473589165,265.1278842048944
1.9000000000000001,15800.0,499999.84050646937,126.93573204378526,3531.445734730419,13.91218369140531,415.1790999787311,150.82899348127268,265.1101459552859
2.0,15800.0,499999.66237811017,127.7339374023345,3530.8208532511876,14.247293380623201,407.535275767529,149.38338164069685,259.17831164534863
0.9,16000.0,469821.61474115256,127.49745676950533,3517.9981995452144,8.736545921432315,428.35585637551293,155.01025686769196,274.2870092885201
1.0,16000.0,500000.03977834433,132.0687183397131,3526.5291824400433,9.137213855342766,425.58306765196284,154.46895978311142,272.39540870609983
1.1,16000.0,500000.1536414162,131.13771960460008,3527.945150501006,9.636592695499056,425.98728502857296,154.53210068139973,272.77293873204763
1.2000000000000002,16000.0,499999.88630286144,131.43426849615207,3527.2958960851565,10.192750339523005,430.3362163179818,155.32983431680108,276.0405092363902
1.3,16000.0,500000.2086741096,130.15311234266255,3528.7668083249323,10.806614933721617,435.54329892648377,156.29961411322216,279.8494170421501
1.4000000000000001,16000.0,500000.0186676676,129.90017631288947,3528.5030412522897,11.240243868767365,429.5097455398386,155.12559900797868,275.75901297317984
1.5,16000.0,500000.2327471511,129.11086525097062,3529.7739341059305,11.844068343683613,435.6821432722654,156.41123178963852,279.7401681098316
1.6,16000.0,499999.97636694286,129.00412354813125,3529.9612457258095,12.335360853447943,432.09224824583623,155.68193243734342,277.1346638150462
1.7000000000000002,16000.0,500000.3388969177,128.3438276577076,3530.47915294683,13.041294922717057,433.1193348842092,155.46750490125865,278.7030143580724
1.8,16000.0,500000.0506237202,127.14241547634765,3531.0851404385658,13.612976025013579,439.18604254475315,157.04685197204984,282.65387695906634
1.9000000000000001,16000.0,499999.92409628764,126.93765040479911,3531.460050271433,14.334926469728442,439.4677611681035,156.97431279898584,283.03267172247007
2.0,16000.0,499999.8470357317,127.71045937188819,3530.800130074404,14.669216548546578,431.5066455286212,155.54150961995978,276.8863659222576
