velocity,gamma,success,apoapsis,delta_v,exit_velocity,max_g_load,max_total_heat_flux,max_rad_heat_flux,max_conv_heat_flux
14000.0,-12.0,False,,,,,,,
14000.0,-11.948717948717949,False,,,,,,,
14000.0,-11.897435897435898,False,,,,,,,
14000.0,-11.846153846153847,False,,,,,,,
14000.0,-11.794871794871796,False,,,,,,,
14000.0,-11.743589743589745,False,,,,,,,
14000.0,-11.692307692307692,False,,,,,,,
14000.0,-11.64102564102564,False,,,,,,,
14000.0,-11.58974358974359,False,,,,,,,
14000.0,-11.538461538461538,False,,,,,,,
14000.0,-11.487179487179487,False,,,,,,,
14000.0,-11.435897435897436,False,,,,,,,
14000.0,-11.384615384615385,False,,,,,,,
14000.0,-11.333333333333334,False,,,,,,,
14000.0,-11.282051282051283,False,,,,,,,
14000.0,-11.23076923076923,False,,,,,,,
14000.0,-11.179487179487179,False,,,,,,,
14000.0,-11.128205128205128,False,,,,,,,
14000.0,-11.076923076923077,False,,,,,,,
14000.0,-11.025641025641026,False,,,,,,,
14000.0,-10.974358974358974,True,500000.12544033147,128.03634452534288,3530.6907692313503,7.013540938523005,261.11293037497893,149.03900046593046,112.07392990904846
14000.0,-10.923076923076923,False,,,,,,,
14000.0,-10.871794871794872,True,499999.98509295745,127.40540478026514,3531.1167792852107,6.962153154025313,255.47662430095622,144.91287955566762,110.64545984154623
14000.0,-10.820512820512821,True,499999.8564314972,128.09227871139592,3530.571003771835,6.9043510609272465,251.92347986675696,142.26152908966986,109.66195077708709
14000.0,-10.76923076923077,True,500000.1080759809,128.05661608713172,3530.669961337877,6.829056509090898,247.70337910476724,139.16410163764598,108.62641121942616
14000.0,-10.717948717948719,True,499999.81264890434,127.9370809533234,3530.92726859374,6.818511806714436,244.19674129968107,136.45373982225786,107.7430014774232
14000.0,-10.666666666666666,True,499999.94370164594,127.97389635040645,3530.877756847469,6.7467616207073915,240.12572468693534,133.46620210895395,106.65952257798139
14000.0,-10.615384615384615,True,499999.9828217094,127.15605411807474,3531.572766579245,6.642997928659573,234.34866301032048,129.1758112339904,105.24475412177884
14000.0,-10.564102564102564,True,499999.807478258,128.05566924281538,3530.6580115785855,6.489053970454839,227.06810978473507,123.6807003567491,103.38740942798597
14000.0,-10.512820512820513,True,500000.0074619799,127.51376899604338,3530.971743439674,6.228895662884509,217.88830122461752,116.90914106178607,100.97916016283143
14000.0,-10.461538461538462,True,499999.6961640563,128.06288808329327,3530.6398581915873,5.779792830639815,206.08974397390173,108.17577339833377,97.91397057556796
14000.0,-10.41025641025641,False,,,,,,,
14000.0,-10.35897435897436,False,,,,,,,
14000.0,-10.307692307692308,False,,,,,,,
14000.0,-10.256410256410255,False,,,,,,,
14000.0,-10.205128205128204,False,,,,,,,
14000.0,-10.153846153846153,False,,,,,,,
14000.0,-10.102564102564102,False,,,,,,,
14000.0,-10.051282051282051,False,,,,,,,
14000.0,-10.0,False,,,,,,,
14105.263157894737,-12.0,False,,,,,,,
14105.263157894737,-11.948717948717949,False,,,,,,,
14105.263157894737,-11.897435897435898,False,,,,,,,
14105.263157894737,-11.846153846153847,False,,,,,,,
14105.263157894737,-11.794871794871796,False,,,,,,,
14105.263157894737,-11.743589743589745,False,,,,,,,
14105.263157894737,-11.692307692307692,False,,,,,,,
14105.263157894737,-11.64102564102564,False,,,,,,,
14105.263157894737,-11.58974358974359,False,,,,,,,
14105.263157894737,-11.538461538461538,False,,,,,,,
14105.263157894737,-11.487179487179487,False,,,,,,,
14105.263157894737,-11.435897435897436,False,,,,,,,
14105.263157894737,-11.384615384615385,False,,,,,,,
14105.263157894737,-11.333333333333334,False,,,,,,,
14105.263157894737,-11.282051282051283,False,,,,,,,
14105.263157894737,-11.23076923076923,False,,,,,,,
14105.263157894737,-11.179487179487179,False,,,,,,,
14105.263157894737,-11.128205128205128,False,,,,,,,
14105.263157894737,-11.076923076923077,False,,,,,,,
14105.263157894737,-11.025641025641026,False,,,,,,,
14105.263157894737,-10.974358974358974,True,499999.9602864191,127.64547152818841,3530.748473360855,7.097274702848886,269.5179407818234,155.2218566948915,114.29608408693191
14105.263157894737,-10.923076923076923,True,499999.9805895047,126.9926422572048,3531.1774625301296,7.052604144299157,266.9033580261972,153.42164828667816,113.48170973951905
14105.263157894737,-10.871794871794872,True,499999.89487362246,127.94147045050931,3530.900189689875,7.030110186814386,263.8160563038268,150.96830506563708,112.84775123818977
14105.263157894737,-10.820512820512821,True,499999.94554203236,126.82230193093528,3531.576053024298,6.9898504469238105,261.1723415308927,149.12611699384846,112.04622453704427
14105.263157894737,-10.76923076923077,True,500000.0015478013,126.93724739166873,3531.341352679253,6.977310474939017,256.8361631432251,145.8527120343299,111.10973897913252
14105.263157894737,-10.717948717948719,True,499999.9878287028,126.81145170278432,3531.6030867205645,6.908648764288945,253.51355812503496,143.34680208373416,110.1667560413008
14105.263157894737,-10.666666666666666,True,499999.97903956036,126.92000101417489,3531.338158743106,6.849268575237559,249.2691410416072,140.2385310636044,109.07188610416034
14105.263157894737,-10.615384615384615,True,499999.7954457828,127.95700847290072,3530.8762165663493,6.711844531573744,240.9580111926627,134.02578363231999,107.03115143114212
14105.263157894737,-10.564102564102564,True,500000.06592479546,128.0059782270273,3530.7677056855523,6.574549558296456,235.55998528060485,129.89093085405403,105.66905442655082
14105.263157894737,-10.512820512820513,True,499999.97462216765,129.18426830955332,3529.4420419604426,6.324103687951213,226.02424882787435,122.82390674126094,103.2142239457126
14105.263157894737,-10.461538461538462,False,,,,,,,
14105.263157894737,-10.41025641025641,False,,,,,,,
14105.263157894737,-10.35897435897436,False,,,,,,,
14105.263157894737,-10.307692307692308,False,,,,,,,
14105.263157894737,-10.256410256410255,False,,,,,,,
14105.263157894737,-10.205128205128204,False,,,,,,,
14105.263157894737,-10.153846153846153,False,,,,,,,
14105.263157894737,-10.102564102564102,False,,,,,,,
14105.263157894737,-10.051282051282051,False,,,,,,,
14105.263157894737,-10.0,False,,,,,,,
14210.526315789473,-12.0,False,,,,,,,
14210.526315789473,-11.948717948717949,False,,,,,,,
14210.526315789473,-11.897435897435898,False,,,,,,,
14210.526315789473,-11.846153846153847,False,,,,,,,
14210.526315789473,-11.794871794871796,False,,,,,,,
14210.526315789473,-11.743589743589745,False,,,,,,,
14210.526315789473,-11.692307692307692,False,,,,,,,
14210.526315789473,-11.64102564102564,False,,,,,,,
14210.526315789473,-11.58974358974359,False,,,,,,,
14210.526315789473,-11.538461538461538,False,,,,,,,
14210.526315789473,-11.487179487179487,False,,,,,,,
14210.526315789473,-11.435897435897436,False,,,,,,,
14210.526315789473,-11.384615384615385,False,,,,,,,
14210.526315789473,-11.333333333333334,False,,,,,,,
14210.526315789473,-11.282051282051283,False,,,,,,,
14210.526315789473,-11.23076923076923,False,,,,,,,
14210.526315789473,-11.179487179487179,False,,,,,,,
14210.526315789473,-11.128205128205128,False,,,,,,,
14210.526315789473,-11.076923076923077,False,,,,,,,
14210.526315789473,-11.025641025641026,True,499999.84481642337,126.92797429087659,3531.3151400340676,7.2315162353987565,281.9077558033407,164.65074435565543,117.27910081713082
14210.526315789473,-10.974358974358974,True,499999.9398854951,127.11112531420304,3531.6590889640484,7.210354853703769,280.4146391653461,163.45029794926972,116.96434121607639
14210.526315789473,-10.923076923076923,True,499999.8468382493,126.92732169322653,3531.3192812352136,7.186905372526977,276.6056626716287,160.63497968695316,116.08108211843872
14210.526315789473,-10.871794871794872,True,500000.09864748357,126.82673752531309,3531.5527544781794,7.136586911951715,274.0968329436679,158.63704537696478,115.45978756670313
14210.526315789473,-10.820512820512821,True,499999.8785604889,126.77610275242614,3531.6758971639715,7.073331188636367,270.1693491856166,155.78814678917303,114.4417370403724
14210.526315789473,-10.76923076923077,True,499999.86315271514,126.9231980027871,3531.3180299053247,7.069406740943825,266.56273730110354,152.90937819741762,113.65335910368591
14210.526315789473,-10.717948717948719,True,499999.643121168,127.3863271879527,3531.1486028891923,7.030073174350434,263.39575469678607,150.66908347268802,112.72667122409806
14210.526315789473,-10.666666666666666,True,500000.0406381527,126.97160937829449,3531.2341883717827,6.940240313402846,258.0624588657687,146.73411347978552,111.44687869793165
14210.526315789473,-10.615384615384615,True,499999.95309464325,127.63070321086161,3530.767996579703,6.7607184697516525,248.89702009611779,139.8432861802992,109.26220668196142
14210.526315789473,-10.564102564102564,True,499999.86619607056,127.06958230929376,3531.7450206649073,6.651016348662538,243.24943715591206,135.48191337025378,107.7675237856583
14210.526315789473,-10.512820512820513,True,499999.9920941634,127.80144796413197,3530.4559012472537,6.342571812442883,231.86334781575783,127.00196623095759,104.9180693184126
14210.526315789473,-10.461538461538462,False,,,,,,,
14210.526315789473,-10.41025641025641,False,,,,,,,
14210.526315789473,-10.35897435897436,False,,,,,,,
14210.526315789473,-10.307692307692308,False,,,,,,,
14210.526315789473,-10.256410256410255,False,,,,,,,
14210.526315789473,-10.205128205128204,False,,,,,,,
14210.526315789473,-10.153846153846153,False,,,,,,,
14210.526315789473,-10.102564102564102,False,,,,,,,
14210.526315789473,-10.051282051282051,False,,,,,,,
14210.526315789473,-10.0,False,,,,,,,
14315.78947368421,-12.0,False,,,,,,,
14315.78947368421,-11.948717948717949,False,,,,,,,
14315.78947368421,-11.897435897435898,False,,,,,,,
14315.78947368421,-11.846153846153847,False,,,,,,,
14315.78947368421,-11.794871794871796,False,,,,,,,
14315.78947368421,-11.743589743589745,False,,,,,,,
14315.78947368421,-11.692307692307692,False,,,,,,,
14315.78947368421,-11.64102564102564,False,,,,,,,
14315.78947368421,-11.58974358974359,False,,,,,,,
14315.78947368421,-11.538461538461538,False,,,,,,,
14315.78947368421,-11.487179487179487,False,,,,,,,
14315.78947368421,-11.435897435897436,False,,,,,,,
14315.78947368421,-11.384615384615385,False,,,,,,,
14315.78947368421,-11.333333333333334,False,,,,,,,
14315.78947368421,-11.282051282051283,False,,,,,,,
14315.78947368421,-11.23076923076923,False,,,,,,,
14315.78947368421,-11.179487179487179,False,,,,,,,
14315.78947368421,-11.128205128205128,False,,,,,,,
14315.78947368421,-11.076923076923077,False,,,,,,,
14315.78947368421,-11.025641025641026,False,,,,,,,
14315.78947368421,-10.974358974358974,False,,,,,,,
14315.78947368421,-10.923076923076923,True,499999.87353674386,126.83952541261169,3531.513681421457,7.285778175761133,287.3568085853768,168.57905826672706,118.77775031864977
14315.78947368421,-10.871794871794872,True,500000.14951860835,128.03132718309053,3530.7165819361176,7.237241571559747,285.01194639881095,166.92431726075782,118.08762913805313
14315.78947368421,-10.820512820512821,True,499999.8920057948,127.6572434098025,3530.722492152804,7.244806494880056,280.6823311599003,163.54328936359394,117.18288105058429
14315.78947368421,-10.76923076923077,True,500000.0241478242,128.01763118467352,3530.7411506455032,7.196753364871516,277.69956125006115,161.32857882820977,116.37098242185141
14315.78947368421,-10.717948717948719,True,500000.09379959275,127.1907988252783,3531.49784790132,7.075864324692084,271.81163944629407,156.88546692281847,114.98709134449663
14315.78947368421,-10.666666666666666,True,499999.8531508109,127.325192976371,3531.2641327035994,7.000857307972092,265.89986121608945,152.47911940602856,113.59706038854364
14315.78947368421,-10.615384615384615,True,499999.9456714976,127.11092159202417,3531.658312759016,6.916669580893922,258.96894850255353,147.1483114699296,111.90957175725447
14315.78947368421,-10.564102564102564,True,499999.9904635416,126.96618031061325,3531.2451109118874,6.680449054091014,249.1309414701683,139.6780522269944,109.4528892431739
14315.78947368421,-10.512820512820513,True,499999.83626038046,128.11716437792393,3530.521523530767,6.359521318261999,238.3076228915372,131.614879096496,106.8853747290703
14315.78947368421,-10.461538461538462,False,,,,,,,
14315.78947368421,-10.41025641025641,False,,,,,,,
14315.78947368421,-10.35897435897436,False,,,,,,,
14315.78947368421,-10.307692307692308,False,,,,,,,
14315.78947368421,-10.256410256410255,False,,,,,,,
14315.78947368421,-10.205128205128204,False,,,,,,,
14315.78947368421,-10.153846153846153,False,,,,,,,
14315.78947368421,-10.102564102564102,False,,,,,,,
14315.78947368421,-10.051282051282051,False,,,,,,,
14315.78947368421,-10.0,False,,,,,,,
14421.052631578947,-12.0,False,,,,,,,
14421.052631578947,-11.948717948717949,False,,,,,,,
14421.052631578947,-11.897435897435898,False,,,,,,,
14421.052631578947,-11.846153846153847,False,,,,,,,
14421.052631578947,-11.794871794871796,False,,,,,,,
14421.052631578947,-11.743589743589745,False,,,,,,,
14421.052631578947,-11.692307692307692,False,,,,,,,
14421.052631578947,-11.64102564102564,False,,,,,,,
14421.052631578947,-11.58974358974359,False,,,,,,,
14421.052631578947,-11.538461538461538,False,,,,,,,
14421.052631578947,-11.487179487179487,False,,,,,,,
14421.052631578947,-11.435897435897436,False,,,,,,,
14421.052631578947,-11.384615384615385,False,,,,,,,
14421.052631578947,-11.333333333333334,False,,,,,,,
14421.052631578947,-11.282051282051283,False,,,,,,,
14421.052631578947,-11.23076923076923,False,,,,,,,
14421.052631578947,-11.179487179487179,False,,,,,,,
14421.052631578947,-11.128205128205128,False,,,,,,,
14421.052631578947,-11.076923076923077,False,,,,,,,
14421.052631578947,-11.025641025641026,False,,,,,,,
14421.052631578947,-10.974358974358974,False,,,,,,,
14421.052631578947,-10.923076923076923,True,499999.83831739455,128.096934666557,3530.557301319357,7.408491213389776,299.4623468781627,177.76149219025774,121.70085468790496
14421.052631578947,-10.871794871794872,True,499999.9656705252,126.92238356321786,3531.3323663314654,7.339357005657532,294.9999873749391,174.4842313058425,120.51575606909661
14421.052631578947,-10.820512820512821,True,499999.8565249666,127.91211020244691,3530.9771399848955,7.3087401690809735,290.84286122821123,171.15194956903133,119.69091165917992
14421.052631578947,-10.76923076923077,True,499999.7204430743,128.05780391151484,3530.6434694635195,7.260817763653998,287.41320916282564,168.66216796626,118.75104119656562
14421.052631578947,-10.717948717948719,True,500000.0934457941,127.9950481086571,3530.7881005704253,7.197887042501119,282.31220641447027,164.8409819667231,117.60739112487182
14421.052631578947,-10.666666666666666,True,499999.9617968917,127.64202422981452,3530.7600087380406,7.0521098177015,272.9570187137343,157.51260323063713,115.4444154830972
14421.052631578947,-10.615384615384615,True,500000.0488360176,127.96970432550825,3530.8494592479956,6.985778444504282,268.25033120108094,154.01836237366462,114.23196882741631
14421.052631578947,-10.564102564102564,True,499999.88201985916,127.07989128535019,3531.7285731282136,6.750469443030232,257.4803882887629,145.85444935891175,111.70054919664955
14421.052631578947,-10.512820512820513,True,500000.05615308374,128.31751572242865,3530.272784934502,6.455399278101472,247.24631992578554,137.99779587134137,109.24852405444418
14421.052631578947,-10.461538461538462,False,,,,,,,
14421.052631578947,-10.41025641025641,False,,,,,,,
14421.052631578947,-10.35897435897436,False,,,,,,,
14421.052631578947,-10.307692307692308,False,,,,,,,
14421.052631578947,-10.256410256410255,False,,,,,,,
14421.052631578947,-10.205128205128204,False,,,,,,,
14421.052631578947,-10.153846153846153,False,,,,,,,
14421.052631578947,-10.102564102564102,False,,,,,,,
14421.052631578947,-10.051282051282051,False,,,,,,,
14421.052631578947,-10.0,False,,,,,,,
14526.315789473683,-12.0,False,,,,,,,
14526.315789473683,-11.948717948717949,False,,,,,,,
14526.315789473683,-11.897435897435898,False,,,,,,,
14526.315789473683,-11.846153846153847,False,,,,,,,
14526.315789473683,-11.794871794871796,False,,,,,,,
14526.315789473683,-11.743589743589745,False,,,,,,,
14526.315789473683,-11.692307692307692,False,,,,,,,
14526.315789473683,-11.64102564102564,False,,,,,,,
14526.315789473683,-11.58974358974359,False,,,,,,,
14526.315789473683,-11.538461538461538,False,,,,,,,
14526.315789473683,-11.487179487179487,False,,,,,,,
14526.315789473683,-11.435897435897436,False,,,,,,,
14526.315789473683,-11.384615384615385,False,,,,,,,
14526.315789473683,-11.333333333333334,False,,,,,,,
14526.315789473683,-11.282051282051283,False,,,,,,,
14526.315789473683,-11.23076923076923,False,,,,,,,
14526.315789473683,-11.179487179487179,False,,,,,,,
14526.315789473683,-11.128205128205128,False,,,,,,,
14526.315789473683,-11.076923076923077,False,,,,,,,
14526.315789473683,-11.025641025641026,False,,,,,,,
14526.315789473683,-10.974358974358974,True,499999.8124688139,127.1332382609794,3531.609183103983,7.543844211878915,312.13829892177876,187.50366752113035,124.74763682109094
14526.315789473683,-10.923076923076923,False,,,,,,,
14526.315789473683,-10.871794871794872,True,500000.0124003747,126.80683194666244,3531.6088928209115,7.4739856467144765,305.1637468311392,182.17042496736136,123.13376580254095
14526.315789473683,-10.820512820512821,True,500000.0079112858,127.69994362080388,3530.651313864607,7.43288909601733,303.07205925150106,180.4184536534842,122.65360559801688
14526.315789473683,-10.76923076923077,True,499999.884778759,126.88995654733708,3531.402373720148,7.365592389222312,298.8635383396501,177.34147844192606,121.52205989772405
14526.315789473683,-10.717948717948719,True,499999.8902476922,126.87203441686552,3531.4323534870987,7.293838522947389,291.81408155044693,172.00956079672383,119.98706962429485
14526.315789473683,-10.666666666666666,True,500000.1116772409,127.00165949518487,3531.1649935940936,7.186529146779216,283.2011809789467,165.19907858801523,118.00210239093144
14526.315789473683,-10.615384615384615,True,500000.1032397941,128.03727863697213,3530.6962977930766,7.06576165714698,277.53605042593136,160.96829268760288,116.57869310479556
14526.315789473683,-10.564102564102564,True,499999.86583386775,128.0924956081999,3530.5703657409963,6.8602081827172166,267.17612034801687,153.10054715422115,114.23482006839446
14526.315789473683,-10.512820512820513,True,500000.12107792275,127.98273485741902,3530.817052972728,6.540023712944619,254.84943371492074,143.56154254314697,111.2949993446749
14526.315789473683,-10.461538461538462,False,,,,,,,
14526.315789473683,-10.41025641025641,False,,,,,,,
14526.315789473683,-10.35897435897436,False,,,,,,,
14526.315789473683,-10.307692307692308,False,,,,,,,
14526.315789473683,-10.256410256410255,False,,,,,,,
14526.315789473683,-10.205128205128204,False,,,,,,,
14526.315789473683,-10.153846153846153,False,,,,,,,
14526.315789473683,-10.102564102564102,False,,,,,,,
14526.315789473683,-10.051282051282051,False,,,,,,,
14526.315789473683,-10.0,False,,,,,,,
14631.578947368422,-12.0,False,,,,,,,
14631.578947368422,-11.948717948717949,False,,,,,,,
14631.578947368422,-11.897435897435898,False,,,,,,,
14631.578947368422,-11.846153846153847,False,,,,,,,
14631.578947368422,-11.794871794871796,False,,,,,,,
14631.578947368422,-11.743589743589745,False,,,,,,,
14631.578947368422,-11.692307692307692,False,,,,,,,
14631.578947368422,-11.64102564102564,False,,,,,,,
14631.578947368422,-11.58974358974359,False,,,,,,,
14631.578947368422,-11.538461538461538,False,,,,,,,
14631.578947368422,-11.487179487179487,False,,,,,,,
14631.578947368422,-11.435897435897436,False,,,,,,,
14631.578947368422,-11.384615384615385,False,,,,,,,
14631.578947368422,-11.333333333333334,False,,,,,,,
14631.578947368422,-11.282051282051283,False,,,,,,,
14631.578947368422,-11.23076923076923,False,,,,,,,
14631.578947368422,-11.179487179487179,False,,,,,,,
14631.578947368422,-11.128205128205128,False,,,,,,,
14631.578947368422,-11.076923076923077,False,,,,,,,
14631.578947368422,-11.025641025641026,False,,,,,,,
14631.578947368422,-10.974358974358974,True,499999.88329590956,127.40899798627379,3531.1111469730445,7.651285745573681,322.79066670394496,195.5651148703257,127.58938077335053
14631.578947368422,-10.923076923076923,False,,,,,,,
14631.578947368422,-10.871794871794872,True,500000.07485185034,128.05474914169872,3530.668640438979,7.600368309505581,317.4080055378081,191.49151998773235,126.25711369766158
14631.578947368422,-10.820512820512821,True,500000.1234533695,128.03070433743642,3530.712777707079,7.5290563710692755,313.3406866358316,188.14179430556962,125.19889233026201
14631.578947368422,-10.76923076923077,True,499999.80631424143,128.05722484345688,3530.6578325663563,7.45435979048204,308.09262317914033,184.27016587855607,123.8768706034982
14631.578947368422,-10.717948717948719,True,499999.77871053433,127.8647964521042,3530.3210797794527,7.370370341914652,299.5216237785821,177.75500036828254,122.02202316633618
14631.578947368422,-10.666666666666666,True,499999.86647713656,128.10122696129156,3530.5613746390436,7.311353841467873,294.09549645269647,173.39069012363652,120.70480632905995
14631.578947368422,-10.615384615384615,True,500000.1613147995,127.22478695033169,3531.433591384565,7.184849175607789,287.3974492782954,168.34954726488732,119.07915593624428
14631.578947368422,-10.564102564102564,True,499999.9439199486,127.49640981449238,3531.0709233084813,6.9434488948808095,276.2984734175368,159.89594159119483,116.64832394928877
14631.578947368422,-10.512820512820513,True,500000.0004363907,126.89587125140224,3531.3800595452444,6.52324932916975,261.60580643979176,148.44925423148376,113.20699596922515
14631.578947368422,-10.461538461538462,False,,,,,,,
14631.578947368422,-10.41025641025641,False,,,,,,,
14631.578947368422,-10.35897435897436,False,,,,,,,
14631.578947368422,-10.307692307692308,False,,,,,,,
14631.578947368422,-10.256410256410255,False,,,,,,,
14631.578947368422,-10.205128205128204,False,,,,,,,
14631.578947368422,-10.153846153846153,False,,,,,,,
14631.578947368422,-10.102564102564102,False,,,,,,,
14631.578947368422,-10.051282051282051,False,,,,,,,
14631.578947368422,-10.0,False,,,,,,,
14736.842105263158,-12.0,False,,,,,,,
14736.842105263158,-11.948717948717949,False,,,,,,,
14736.842105263158,-11.897435897435898,False,,,,,,,
14736.842105263158,-11.846153846153847,False,,,,,,,
14736.842105263158,-11.794871794871796,False,,,,,,,
14736.842105263158,-11.743589743589745,False,,,,,,,
14736.842105263158,-11.692307692307692,False,,,,,,,
14736.842105263158,-11.64102564102564,False,,,,,,,
14736.842105263158,-11.58974358974359,False,,,,,,,
14736.842105263158,-11.538461538461538,False,,,,,,,
14736.842105263158,-11.487179487179487,False,,,,,,,
14736.842105263158,-11.435897435897436,False,,,,,,,
14736.842105263158,-11.384615384615385,False,,,,,,,
14736.842105263158,-11.333333333333334,False,,,,,,,
14736.842105263158,-11.282051282051283,False,,,,,,,
14736.842105263158,-11.23076923076923,False,,,,,,,
14736.842105263158,-11.179487179487179,False,,,,,,,
14736.842105263158,-11.128205128205128,False,,,,,,,
14736.842105263158,-11.076923076923077,False,,,,,,,
14736.842105263158,-11.025641025641026,False,,,,,,,
14736.842105263158,-10.974358974358974,True,499999.79409532243,128.05946355557626,3530.645277006318,7.769721223842546,334.7322568193563,204.28438314177103,130.44787367758525
14736.842105263158,-10.923076923076923,False,,,,,,,
14736.842105263158,-10.871794871794872,True,499999.84467912395,128.25094175184313,3530.4077962417946,7.6599558429334085,326.3259369744656,197.74927906959266,128.57665790487295
14736.842105263158,-10.820512820512821,True,499999.86001666944,128.0940130450481,3530.5700100145787,7.61774307879099,323.3133623059928,195.6168309879623,127.69653131803054
14736.842105263158,-10.76923076923077,True,500000.0283123926,127.43103574201359,3531.0784085877663,7.598570737235779,316.78638243249117,190.75513858245026,126.22347212117857
14736.842105263158,-10.717948717948719,True,500000.0501985626,127.00461115014332,3531.1391539799065,7.475728499580276,308.59406299576636,184.4783358092678,124.45901567449698
14736.842105263158,-10.666666666666666,True,500000.0078617431,127.48619341948552,3531.0041066396566,7.416517170688781,304.5477578374647,181.2323481128429,123.31540972462179
14736.842105263158,-10.615384615384615,True,499999.776827666,127.87035615599825,3530.319907643797,7.245396755094349,294.7509794189686,173.75751159728526,121.05035630374047
14736.842105263158,-10.564102564102564,True,499999.8935499888,127.94025948057197,3530.901546589644,7.048984592264965,285.4289150889929,166.67924864541823,119.01815774243917
14736.842105263158,-10.512820512820513,True,500000.10982681,128.05420171172682,3530.6708164259194,6.618469997553002,270.56912814568466,155.01514173661786,115.66631155272508
14736.842105263158,-10.461538461538462,False,,,,,,,
14736.842105263158,-10.41025641025641,False,,,,,,,
14736.842105263158,-10.35897435897436,False,,,,,,,
14736.842105263158,-10.307692307692308,False,,,,,,,
14736.842105263158,-10.256410256410255,False,,,,,,,
14736.842105263158,-10.205128205128204,False,,,,,,,
14736.842105263158,-10.153846153846153,False,,,,,,,
14736.842105263158,-10.102564102564102,False,,,,,,,
14736.842105263158,-10.051282051282051,False,,,,,,,
14736.842105263158,-10.0,False,,,,,,,
14842.105263157895,-12.0,False,,,,,,,
14842.105263157895,-11.948717948717949,False,,,,,,,
14842.105263157895,-11.897435897435898,False,,,,,,,
14842.105263157895,-11.846153846153847,False,,,,,,,
14842.105263157895,-11.794871794871796,False,,,,,,,
14842.105263157895,-11.743589743589745,False,,,,,,,
14842.105263157895,-11.692307692307692,False,,,,,,,
14842.105263157895,-11.64102564102564,False,,,,,,,
14842.105263157895,-11.58974358974359,False,,,,,,,
14842.105263157895,-11.538461538461538,False,,,,,,,
14842.105263157895,-11.487179487179487,False,,,,,,,
14842.105263157895,-11.435897435897436,False,,,,,,,
14842.105263157895,-11.384615384615385,False,,,,,,,
14842.105263157895,-11.333333333333334,False,,,,,,,
14842.105263157895,-11.282051282051283,False,,,,,,,
14842.105263157895,-11.23076923076923,False,,,,,,,
14842.105263157895,-11.179487179487179,False,,,,,,,
14842.105263157895,-11.128205128205128,False,,,,,,,
14842.105263157895,-11.076923076923077,False,,,,,,,
14842.105263157895,-11.025641025641026,True,499999.86695634667,127.14896574730074,3531.600519288144,7.895926306216923,349.27395079890283,215.66726902957151,133.60668176933132
14842.105263157895,-10.974358974358974,False,,,,,,,
14842.105263157895,-10.923076923076923,True,500000.0369323124,126.95488165029383,3531.2516085558577,7.850958875564704,343.62235725581763,211.31874571815595,132.34246150534096
14842.105263157895,-10.871794871794872,True,499999.8528724461,127.30826029677155,3531.2848901456314,7.758354877703885,338.0114913128551,206.74711346262038,131.26437785023475
14842.105263157895,-10.820512820512821,True,500000.1050540618,127.99726177249931,3530.785896935592,7.713440801000089,333.44180629200565,203.33288014820226,130.1089261438034
14842.105263157895,-10.76923076923077,True,499999.9682282997,126.86379138465782,3531.466977809955,7.68457428683283,325.0776457047043,196.89622565824513,128.4398030081593
14842.105263157895,-10.717948717948719,True,500000.1395094328,128.0389203226282,3530.6947470354803,7.578750969924621,319.8102793050832,192.63166844459602,127.17861086048717
14842.105263157895,-10.666666666666666,True,499999.93807836506,126.81875807935558,3531.5827901941357,7.535414187478069,315.22900730203924,189.24577261921414,126.0468913575273
14842.105263157895,-10.615384615384615,True,499999.9906346803,127.9753213277063,3530.835361062589,7.273233798498413,302.4019286193708,179.38324988877076,123.25003860878122
14842.105263157895,-10.564102564102564,True,500000.08332087786,128.0182890912215,3530.748897090043,7.048028055553668,291.12158258929543,170.7626989730955,120.71268485708309
14842.105263157895,-10.512820512820513,True,499999.99717109674,127.70230604982498,3530.6418467696767,6.606123455802134,276.4783706345214,159.2037297361465,117.490473892038
14842.105263157895,-10.461538461538462,False,,,,,,,
14842.105263157895,-10.41025641025641,False,,,,,,,
14842.105263157895,-10.35897435897436,False,,,,,,,
14842.105263157895,-10.307692307692308,False,,,,,,,
14842.105263157895,-10.256410256410255,False,,,,,,,
14842.105263157895,-10.205128205128204,False,,,,,,,
14842.105263157895,-10.153846153846153,False,,,,,,,
14842.105263157895,-10.102564102564102,False,,,,,,,
14842.105263157895,-10.051282051282051,False,,,,,,,
14842.105263157895,-10.0,False,,,,,,,
14947.368421052632,-12.0,False,,,,,,,
14947.368421052632,-11.948717948717949,False,,,,,,,
14947.368421052632,-11.897435897435898,False,,,,,,,
14947.368421052632,-11.846153846153847,False,,,,,,,
14947.368421052632,-11.794871794871796,False,,,,,,,
14947.368421052632,-11.743589743589745,False,,,,,,,
14947.368421052632,-11.692307692307692,False,,,,,,,
14947.368421052632,-11.64102564102564,False,,,,,,,
14947.368421052632,-11.58974358974359,False,,,,,,,
14947.368421052632,-11.538461538461538,False,,,,,,,
14947.368421052632,-11.487179487179487,False,,,,,,,
14947.368421052632,-11.435897435897436,False,,,,,,,
14947.368421052632,-11.384615384615385,False,,,,,,,
14947.368421052632,-11.333333333333334,False,,,,,,,
14947.368421052632,-11.282051282051283,False,,,,,,,
14947.368421052632,-11.23076923076923,False,,,,,,,
14947.368421052632,-11.179487179487179,False,,,,,,,
14947.368421052632,-11.128205128205128,False,,,,,,,
14947.368421052632,-11.076923076923077,False,,,,,,,
14947.368421052632,-11.025641025641026,True,500000.0609963071,127.00041962743762,3531.151272416625,8.011837472393013,361.4152364058057,225.05444487975794,136.49000493260797
14947.368421052632,-10.974358974358974,False,,,,,,,
14947.368421052632,-10.923076923076923,True,499999.7951496195,128.0584783129334,3530.6477063665006,7.9244132881628575,353.465732801258,218.87542495865608,134.852135526964
14947.368421052632,-10.871794871794872,True,499999.8554682624,128.09460406346807,3530.576975313391,7.881491485203727,350.31994408795083,216.2301649503249,134.08977913762592
14947.368421052632,-10.820512820512821,True,499999.8952201642,126.86888206944377,3531.435590407569,7.806416243150897,343.6024722662937,211.1323351414792,132.4701371248145
14947.368421052632,-10.76923076923077,True,499999.9145976284,127.76379172811403,3530.5357985532296,7.800194026709051,337.4614280065607,206.1249460760524,131.33648193050834
14947.368421052632,-10.717948717948719,True,499999.80297073734,127.25090592822971,3531.3860519504783,7.6898526425844445,331.8041714254922,201.86557814041015,129.93859328508205
14947.368421052632,-10.666666666666666,True,499999.85309533327,126.92220401135455,3531.3247096158198,7.568624430228453,324.3093632556899,196.11143447946233,128.41572616963583
14947.368421052632,-10.615384615384615,True,500000.01848374214,127.80589811362597,3530.4605975424824,7.39459968631468,313.0370600616834,187.09728737541172,125.9397726862717
14947.368421052632,-10.564102564102564,True,499999.9484813434,126.86054942488954,3531.4618473473665,7.103029822284203,300.5173793656485,177.4315098524769,123.10785514486766
14947.368421052632,-10.512820512820513,True,499999.8823193966,126.88578451144849,3531.4149539243144,6.703560112752683,285.778433366547,165.9788072351766,119.93657128850003
14947.368421052632,-10.461538461538462,False,,,,,,,
14947.368421052632,-10.41025641025641,False,,,,,,,
14947.368421052632,-10.35897435897436,False,,,,,,,
14947.368421052632,-10.307692307692308,False,,,,,,,
14947.368421052632,-10.256410256410255,False,,,,,,,
14947.368421052632,-10.205128205128204,False,,,,,,,
14947.368421052632,-10.153846153846153,False,,,,,,,
14947.368421052632,-10.102564102564102,False,,,,,,,
14947.368421052632,-10.051282051282051,False,,,,,,,
14947.368421052632,-10.0,False,,,,,,,
15052.631578947368,-12.0,False,,,,,,,
15052.631578947368,-11.948717948717949,False,,,,,,,
15052.631578947368,-11.897435897435898,False,,,,,,,
15052.631578947368,-11.846153846153847,False,,,,,,,
15052.631578947368,-11.794871794871796,False,,,,,,,
15052.631578947368,-11.743589743589745,False,,,,,,,
15052.631578947368,-11.692307692307692,False,,,,,,,
15052.631578947368,-11.64102564102564,False,,,,,,,
15052.631578947368,-11.58974358974359,False,,,,,,,
15052.631578947368,-11.538461538461538,False,,,,,,,
15052.631578947368,-11.487179487179487,False,,,,,,,
15052.631578947368,-11.435897435897436,False,,,,,,,
15052.631578947368,-11.384615384615385,False,,,,,,,
15052.631578947368,-11.333333333333334,False,,,,,,,
15052.631578947368,-11.282051282051283,False,,,,,,,
15052.631578947368,-11.23076923076923,False,,,,,,,
15052.631578947368,-11.179487179487179,False,,,,,,,
15052.631578947368,-11.128205128205128,False,,,,,,,
15052.631578947368,-11.076923076923077,False,,,,,,,
15052.631578947368,-11.025641025641026,False,,,,,,,
15052.631578947368,-10.974358974358974,False,,,,,,,
15052.631578947368,-10.923076923076923,True,500000.0247020198,127.4783070431904,3531.0093524642994,8.062076019061735,365.6695404136882,228.30281058540317,137.64573845728097
15052.631578947368,-10.871794871794872,True,499999.92643340625,127.12237962769768,3531.6407331218234,7.965495519954743,360.209847874188,223.76504639399883,136.4448014801891
15052.631578947368,-10.820512820512821,True,499999.86779244576,128.08825990859896,3530.5757961024597,7.9529606016455885,353.6063811344402,218.79287912852726,135.01432129646383
15052.631578947368,-10.76923076923077,True,500000.1106709248,126.8254297556773,3531.5628033754774,7.89509229459656,349.4811350522014,215.35659123340787,134.12454381879354
15052.631578947368,-10.717948717948719,True,499999.80086089595,128.064979860962,3530.6421248899123,7.79727446102893,344.6538097619871,211.78007964847407,132.89877642778325
15052.631578947368,-10.666666666666666,True,499999.86029009166,128.09956953376968,3530.557476307095,7.720049335175742,336.0548421443243,205.14162716658333,131.101807884342
15052.631578947368,-10.615384615384615,True,499999.7704669206,127.05402662015922,3531.776140225364,7.543357612776294,325.0907624608367,196.30243045943396,128.78833200140272
15052.631578947368,-10.564102564102564,True,499999.71071713715,127.89104805793795,3531.014998396393,7.20915890592006,311.2072444674888,185.53494321283017,125.78415104382302
15052.631578947368,-10.512820512820513,False,,,,,,,
15052.631578947368,-10.461538461538462,False,,,,,,,
15052.631578947368,-10.41025641025641,False,,,,,,,
15052.631578947368,-10.35897435897436,False,,,,,,,
15052.631578947368,-10.307692307692308,False,,,,,,,
15052.631578947368,-10.256410256410255,False,,,,,,,
15052.631578947368,-10.205128205128204,False,,,,,,,
15052.631578947368,-10.153846153846153,False,,,,,,,
15052.631578947368,-10.102564102564102,False,,,,,,,
15052.631578947368,-10.051282051282051,False,,,,,,,
15052.631578947368,-10.0,False,,,,,,,
15157.894736842105,-12.0,False,,,,,,,
15157.894736842105,-11.948717948717949,False,,,,,,,
15157.894736842105,-11.897435897435898,False,,,,,,,
15157.894736842105,-11.846153846153847,False,,,,,,,
15157.894736842105,-11.794871794871796,False,,,,,,,
15157.894736842105,-11.743589743589745,False,,,,,,,
15157.894736842105,-11.692307692307692,False,,,,,,,
15157.894736842105,-11.64102564102564,False,,,,,,,
15157.894736842105,-11.58974358974359,False,,,,,,,
15157.894736842105,-11.538461538461538,False,,,,,,,
15157.894736842105,-11.487179487179487,False,,,,,,,
15157.894736842105,-11.435897435897436,False,,,,,,,
15157.894736842105,-11.384615384615385,False,,,,,,,
15157.894736842105,-11.333333333333334,False,,,,,,,
15157.894736842105,-11.282051282051283,False,,,,,,,
15157.894736842105,-11.23076923076923,False,,,,,,,
15157.894736842105,-11.179487179487179,False,,,,,,,
15157.894736842105,-11.128205128205128,False,,,,,,,
15157.894736842105,-11.076923076923077,False,,,,,,,
15157.894736842105,-11.025641025641026,False,,,,,,,
15157.894736842105,-10.974358974358974,False,,,,,,,
15157.894736842105,-10.923076923076923,True,500000.05671338347,126.96662670588648,3531.244656070478,8.124910686914928,375.05594206027115,235.4458868472575,140.120584550542
15157.894736842105,-10.871794871794872,True,499999.81703555177,128.13619711201318,3530.705914037694,8.050737030823464,370.93856357292947,231.9605458218509,138.97801775107857
15157.894736842105,-10.820512820512821,True,499999.9665327947,127.11178484629045,3531.6632100908805,8.035874029396853,365.2731368789604,227.77785923324262,137.91906391704313
15157.894736842105,-10.76923076923077,True,500000.12826634216,127.18888727767762,3531.5123329785724,7.9491703184104034,360.39667617494206,223.69243249073298,136.70424368420905
15157.894736842105,-10.717948717948719,True,499999.80186743283,127.62242586091998,3530.7855492127173,7.902656211324881,355.242421777768,219.87826212607285,135.55448202743074
15157.894736842105,-10.666666666666666,True,500000.01180544123,126.97538267348364,3531.2183684001848,7.755444380504398,344.0684405969113,211.18393769427675,133.15580133349115
15157.894736842105,-10.615384615384615,True,500000.0528690652,128.00593088986807,3530.7740673963685,7.6199869441692165,335.6742218553143,204.33437706297397,131.3398447923403
15157.894736842105,-10.564102564102564,True,499999.89862520684,127.08306987404649,3531.713068520743,7.332823743840325,322.0500516894916,193.7470310279229,128.46789785347067
15157.894736842105,-10.512820512820513,False,,,,,,,
15157.894736842105,-10.461538461538462,False,,,,,,,
15157.894736842105,-10.41025641025641,False,,,,,,,
15157.894736842105,-10.35897435897436,False,,,,,,,
15157.894736842105,-10.307692307692308,False,,,,,,,
15157.894736842105,-10.256410256410255,False,,,,,,,
15157.894736842105,-10.205128205128204,False,,,,,,,
15157.894736842105,-10.153846153846153,False,,,,,,,
15157.894736842105,-10.102564102564102,False,,,,,,,
15157.894736842105,-10.051282051282051,False,,,,,,,
15157.894736842105,-10.0,False,,,,,,,
15263.157894736842,-12.0,False,,,,,,,
15263.157894736842,-11.948717948717949,False,,,,,,,
15263.157894736842,-11.897435897435898,False,,,,,,,
15263.157894736842,-11.846153846153847,False,,,,,,,
15263.157894736842,-11.794871794871796,False,,,,,,,
15263.157894736842,-11.743589743589745,False,,,,,,,
15263.157894736842,-11.692307692307692,False,,,,,,,
15263.157894736842,-11.64102564102564,False,,,,,,,
15263.157894736842,-11.58974358974359,False,,,,,,,
15263.157894736842,-11.538461538461538,False,,,,,,,
15263.157894736842,-11.487179487179487,False,,,,,,,
15263.157894736842,-11.435897435897436,False,,,,,,,
15263.157894736842,-11.384615384615385,False,,,,,,,
15263.157894736842,-11.333333333333334,False,,,,,,,
15263.157894736842,-11.282051282051283,False,,,,,,,
15263.157894736842,-11.23076923076923,False,,,,,,,
15263.157894736842,-11.179487179487179,False,,,,,,,
15263.157894736842,-11.128205128205128,False,,,,,,,
15263.157894736842,-11.076923076923077,False,,,,,,,
15263.157894736842,-11.025641025641026,False,,,,,,,
15263.157894736842,-10.974358974358974,False,,,,,,,
15263.157894736842,-10.923076923076923,True,499999.8328316733,127.05967006520723,3531.7564609111323,8.219183623184557,386.9088077842384,244.08100990190175,143.02130114707515
15263.157894736842,-10.871794871794872,True,499999.9136676375,128.44540835271664,3530.0079678269226,8.173747151260178,383.5651834828383,241.68350811124552,141.89495654294515
15263.157894736842,-10.820512820512821,True,499999.7096990306,128.05503084142902,3530.6475224674177,8.152128984676331,377.80353424134114,237.3843281031771,140.965635932986
15263.157894736842,-10.76923076923077,True,500000.08531674376,127.97433566193195,3530.82654123093,8.077589921418214,374.29106144499417,234.42231237081594,139.86874907417825
15263.157894736842,-10.717948717948719,True,499999.9914266372,126.99130140938178,3531.1857144139026,8.031218296325251,365.6246393973415,227.79157053681482,138.18522690264507
15263.157894736842,-10.666666666666666,True,499999.78550768376,127.61244699419694,3530.8028201389993,7.8247328726993235,352.9898515273562,217.93369729003768,135.5267620022249
15263.157894736842,-10.615384615384615,True,500000.0142008796,126.92646448437927,3531.308248831182,7.684363972527006,345.67298971335117,211.88218093369332,133.81841768765733
15263.157894736842,-10.564102564102564,True,500000.11598760897,127.9908746808901,3530.808892987036,7.403000921238646,330.5324648699533,200.0697468595141,130.63103104497395
15263.157894736842,-10.512820512820513,False,,,,,,,
15263.157894736842,-10.461538461538462,False,,,,,,,
15263.157894736842,-10.41025641025641,False,,,,,,,
15263.157894736842,-10.35897435897436,False,,,,,,,
15263.157894736842,-10.307692307692308,False,,,,,,,
15263.157894736842,-10.256410256410255,False,,,,,,,
15263.157894736842,-10.205128205128204,False,,,,,,,
15263.157894736842,-10.153846153846153,False,,,,,,,
15263.157894736842,-10.102564102564102,False,,,,,,,
15263.157894736842,-10.051282051282051,False,,,,,,,
15263.157894736842,-10.0,False,,,,,,,
15368.421052631578,-12.0,False,,,,,,,
15368.421052631578,-11.948717948717949,False,,,,,,,
15368.421052631578,-11.897435897435898,False,,,,,,,
15368.421052631578,-11.846153846153847,False,,,,,,,
15368.421052631578,-11.794871794871796,False,,,,,,,
15368.421052631578,-11.743589743589745,False,,,,,,,
15368.421052631578,-11.692307692307692,False,,,,,,,
15368.421052631578,-11.64102564102564,False,,,,,,,
15368.421052631578,-11.58974358974359,False,,,,,,,
15368.421052631578,-11.538461538461538,False,,,,,,,
15368.421052631578,-11.487179487179487,False,,,,,,,
15368.421052631578,-11.435897435897436,False,,,,,,,
15368.421052631578,-11.384615384615385,False,,,,,,,
15368.421052631578,-11.333333333333334,False,,,,,,,
15368.421052631578,-11.282051282051283,False,,,,,,,
15368.421052631578,-11.23076923076923,False,,,,,,,
15368.421052631578,-11.179487179487179,False,,,,,,,
15368.421052631578,-11.128205128205128,False,,,,,,,
15368.421052631578,-11.076923076923077,True,499999.79667487316,127.05070986265764,3531.7853948501092,8.48733055481046,412.1218794754037,263.5485111789126,148.57336829649114
15368.421052631578,-11.025641025641026,False,,,,,,,
15368.421052631578,-10.974358974358974,True,500000.0275132188,127.66104015368501,3530.8639963628993,8.431304517467844,405.32328622969516,258.44391238439295,147.07876500881443
15368.421052631578,-10.923076923076923,True,500000.0726330061,126.82140371581363,3531.562878041256,8.33075726946623,399.2930662698319,253.29993239092062,145.9931338789113
15368.421052631578,-10.871794871794872,True,499999.8306674709,127.86684218176697,3530.3219822304063,8.380488925778113,396.91394989112,251.96359180115135,145.18161311591825
15368.421052631578,-10.820512820512821,True,500000.00295556267,126.89684247427385,3531.3781322514337,8.230805408990864,389.36645400495877,245.803485120099,143.77976406694012
15368.421052631578,-10.76923076923077,True,499999.97942118824,126.8232291919544,3531.5549674312115,8.177102478623555,385.835191784742,243.24427063405483,142.68700245118313
15368.421052631578,-10.717948717948719,True,500000.00780162564,126.79914930895711,3531.623434446866,8.16537106974531,377.6525439913088,237.0115429924337,141.0428940790102
15368.421052631578,-10.666666666666666,True,500000.1258432545,127.15327254209342,3531.575010755613,7.9617129051413675,365.5643386105531,227.57412177340606,138.5338130121587
15368.421052631578,-10.615384615384615,True,499999.90237089625,127.93708944208356,3530.918128652823,7.770269152515206,355.0806363080906,218.9324645366626,136.17551481868065
15368.421052631578,-10.564102564102564,True,500000.1163432227,128.03974010799448,3530.6989694403096,7.378987813663765,337.4948022027079,205.16978238561583,132.69152501392253
15368.421052631578,-10.512820512820513,False,,,,,,,
15368.421052631578,-10.461538461538462,False,,,,,,,
15368.421052631578,-10.41025641025641,False,,,,,,,
15368.421052631578,-10.35897435897436,False,,,,,,,
15368.421052631578,-10.307692307692308,False,,,,,,,
15368.421052631578,-10.256410256410255,False,,,,,,,
15368.421052631578,-10.205128205128204,False,,,,,,,
15368.421052631578,-10.153846153846153,False,,,,,,,
15368.421052631578,-10.102564102564102,False,,,,,,,
15368.421052631578,-10.051282051282051,False,,,,,,,
15368.421052631578,-10.0,False,,,,,,,
15473.684210526315,-12.0,False,,,,,,,
15473.684210526315,-11.948717948717949,False,,,,,,,
15473.684210526315,-11.897435897435898,False,,,,,,,
15473.684210526315,-11.846153846153847,False,,,,,,,
15473.684210526315,-11.794871794871796,False,,,,,,,
15473.684210526315,-11.743589743589745,False,,,,,,,
15473.684210526315,-11.692307692307692,False,,,,,,,
15473.684210526315,-11.64102564102564,False,,,,,,,
15473.684210526315,-11.58974358974359,False,,,,,,,
15473.684210526315,-11.538461538461538,False,,,,,,,
15473.684210526315,-11.487179487179487,False,,,,,,,
15473.684210526315,-11.435897435897436,False,,,,,,,
15473.684210526315,-11.384615384615385,False,,,,,,,
15473.684210526315,-11.333333333333334,False,,,,,,,
15473.684210526315,-11.282051282051283,False,,,,,,,
15473.684210526315,-11.23076923076923,False,,,,,,,
15473.684210526315,-11.179487179487179,False,,,,,,,
15473.684210526315,-11.128205128205128,False,,,,,,,
15473.684210526315,-11.076923076923077,False,,,,,,,
15473.684210526315,-11.025641025641026,False,,,,,,,
15473.684210526315,-10.974358974358974,True,499999.731827946,127.02434923153487,3531.1082736723315,8.525398556568794,416.6875471296308,267.0499084249335,150.1520782742361
15473.684210526315,-10.923076923076923,False,,,,,,,
15473.684210526315,-10.871794871794872,True,499999.9390845191,126.86727261364922,3531.45406254818,8.468223363608109,408.54270303082586,260.7940583942621,148.22765685470046
15473.684210526315,-10.820512820512821,True,499999.8862353267,126.89004389384672,3531.4139164986464,8.370216269140133,404.23348628215047,257.0118694006278,147.22161688152264
15473.684210526315,-10.76923076923077,True,500000.01714573195,127.49786584536514,3531.0040110089776,8.275085075967912,396.94320817507366,251.6332349591726,145.57654104970274
15473.684210526315,-10.717948717948719,True,500000.044082329,127.84643010733362,3530.377170136844,8.251758537475862,387.5789033254533,244.49464362257868,143.50024580166092
15473.684210526315,-10.666666666666666,True,499999.97421690496,126.99647211198499,3531.181685099841,8.075205732899148,377.1461997812164,236.36777631134078,141.3688079850356
15473.684210526315,-10.615384615384615,True,499999.7756460706,127.88305552624115,3530.3082033910887,7.7603298280340836,361.5728462952118,223.60439511773774,138.18866953633844
15473.684210526315,-10.564102564102564,True,499999.9919323116,127.80411222823932,3530.45389960705,7.510745368691819,348.83513945398147,213.74690539064002,135.53842927609048
15473.684210526315,-10.512820512820513,False,,,,,,,
15473.684210526315,-10.461538461538462,False,,,,,,,
15473.684210526315,-10.41025641025641,False,,,,,,,
15473.684210526315,-10.35897435897436,False,,,,,,,
15473.684210526315,-10.307692307692308,False,,,,,,,
15473.684210526315,-10.256410256410255,False,,,,,,,
15473.684210526315,-10.205128205128204,False,,,,,,,
15473.684210526315,-10.153846153846153,False,,,,,,,
15473.684210526315,-10.102564102564102,False,,,,,,,
15473.684210526315,-10.051282051282051,False,,,,,,,
15473.684210526315,-10.0,False,,,,,,,
15578.947368421053,-12.0,False,,,,,,,
15578.947368421053,-11.948717948717949,False,,,,,,,
15578.947368421053,-11.897435897435898,False,,,,,,,
15578.947368421053,-11.846153846153847,False,,,,,,,
15578.947368421053,-11.794871794871796,False,,,,,,,
15578.947368421053,-11.743589743589745,False,,,,,,,
15578.947368421053,-11.692307692307692,False,,,,,,,
15578.947368421053,-11.64102564102564,False,,,,,,,
15578.947368421053,-11.58974358974359,False,,,,,,,
15578.947368421053,-11.538461538461538,False,,,,,,,
15578.947368421053,-11.487179487179487,False,,,,,,,
15578.947368421053,-11.435897435897436,False,,,,,,,
15578.947368421053,-11.384615384615385,False,,,,,,,
15578.947368421053,-11.333333333333334,False,,,,,,,
15578.947368421053,-11.282051282051283,False,,,,,,,
15578.947368421053,-11.23076923076923,False,,,,,,,
15578.947368421053,-11.179487179487179,False,,,,,,,
15578.947368421053,-11.128205128205128,False,,,,,,,
15578.947368421053,-11.076923076923077,False,,,,,,,
15578.947368421053,-11.025641025641026,False,,,,,,,
15578.947368421053,-10.974358974358974,True,499999.8685057214,128.07154440930253,3530.618329311481,8.644725318165209,428.5006426930715,276.0105050015733,153.31609637217298
15578.947368421053,-10.923076923076923,False,,,,,,,
15578.947368421053,-10.871794871794872,True,499999.9171311867,127.93905281293837,3530.9128280388213,8.539188772895574,420.0004346099174,269.47333378459507,151.3410087364814
15578.947368421053,-10.820512820512821,True,500000.0087060441,126.8949818431679,3531.383169720288,8.441528577981021,413.1941561759088,263.60339181946716,149.59076435644167
15578.947368421053,-10.76923076923077,True,499999.90817526396,127.66490490693923,3530.7094585977015,8.460485973621115,407.73764470145557,259.7477993152851,148.41958765064652
15578.947368421053,-10.717948717948719,True,500000.1549699995,127.96969145337516,3530.834765270467,8.260099408154336,394.80680014458085,249.72029476181328,145.6986490329251
15578.947368421053,-10.666666666666666,True,500000.02023668925,126.80289191509564,3531.6165135625456,8.2041801896943,389.3598823320999,245.6626411758728,144.41641356672253
15578.947368421053,-10.615384615384615,True,499999.8728124599,127.96500064684551,3530.8576302940933,7.9401544709010645,374.31079476365915,233.43172798972296,141.34509851230504
15578.947368421053,-10.564102564102564,True,499999.99089570943,126.97835371267593,3531.2041923242855,7.5969304017372705,358.8068181945771,221.16293717328864,138.1878523301162
15578.947368421053,-10.512820512820513,False,,,,,,,
15578.947368421053,-10.461538461538462,False,,,,,,,
15578.947368421053,-10.41025641025641,False,,,,,,,
15578.947368421053,-10.35897435897436,False,,,,,,,
15578.947368421053,-10.307692307692308,False,,,,,,,
15578.947368421053,-10.256410256410255,False,,,,,,,
15578.947368421053,-10.205128205128204,False,,,,,,,
15578.947368421053,-10.153846153846153,False,,,,,,,
15578.947368421053,-10.102564102564102,False,,,,,,,
15578.947368421053,-10.051282051282051,False,,,,,,,
15578.947368421053,-10.0,False,,,,,,,
15684.21052631579,-12.0,False,,,,,,,
15684.21052631579,-11.948717948717949,False,,,,,,,
15684.21052631579,-11.897435897435898,False,,,,,,,
15684.21052631579,-11.846153846153847,False,,,,,,,
15684.21052631579,-11.794871794871796,False,,,,,,,
15684.21052631579,-11.743589743589745,False,,,,,,,
15684.21052631579,-11.692307692307692,False,,,,,,,
15684.21052631579,-11.64102564102564,False,,,,,,,
15684.21052631579,-11.58974358974359,False,,,,,,,
15684.21052631579,-11.538461538461538,False,,,,,,,
15684.21052631579,-11.487179487179487,False,,,,,,,
15684.21052631579,-11.435897435897436,False,,,,,,,
15684.21052631579,-11.384615384615385,False,,,,,,,
15684.21052631579,-11.333333333333334,False,,,,,,,
15684.21052631579,-11.282051282051283,False,,,,,,,
15684.21052631579,-11.23076923076923,False,,,,,,,
15684.21052631579,-11.179487179487179,False,,,,,,,
15684.21052631579,-11.128205128205128,False,,,,,,,
15684.21052631579,-11.076923076923077,False,,,,,,,
15684.21052631579,-11.025641025641026,True,499999.992658783,127.70419288542371,3530.628354277658,8.79187744712407,444.50465589460583,287.57109045584855,156.93356543875728
15684.21052631579,-10.974358974358974,False,,,,,,,
15684.21052631579,-10.923076923076923,True,499999.88480772544,126.84362176810419,3531.5073537646217,8.735482649137902,438.35235545983886,283.0479482814977,155.53393543012922
15684.21052631579,-10.871794871794872,True,499999.9392543499,128.51894412145248,3529.964814216507,8.671227200094332,432.1614794301925,278.7115794471358,154.4962036557253
15684.21052631579,-10.820512820512821,True,500000.05138003017,127.44646551620735,3531.0510721242417,8.556302245406508,425.2157613159671,272.6785148080913,152.67427136962112
15684.21052631579,-10.76923076923077,True,499999.903245614,127.92861574568542,3530.92181143486,8.525170843319847,417.9844360049916,267.3935337175443,151.17598970608998
15684.21052631579,-10.717948717948719,True,499999.8095090949,127.97303351416167,3530.852190220745,8.410590440306542,407.6861986380276,259.5646913544216,148.8854190956735
15684.21052631579,-10.666666666666666,True,499999.8670323958,127.06593052675453,3531.7506954967816,8.253903206560896,398.92455119619757,252.287540106047,147.08019053039084
15684.21052631579,-10.615384615384615,True,499999.7720166105,127.05160930249258,3531.7852600150254,7.996237495075098,384.0327320126835,240.6942435992731,144.01183676496345
15684.21052631579,-10.564102564102564,True,499999.8844308185,128.0879360091767,3530.6073699006038,7.670885753631527,366.93420095662714,227.0481257588757,140.48115018357512
15684.21052631579,-10.512820512820513,False,,,,,,,
15684.21052631579,-10.461538461538462,False,,,,,,,
15684.21052631579,-10.41025641025641,False,,,,,,,
15684.21052631579,-10.35897435897436,False,,,,,,,
15684.21052631579,-10.307692307692308,False,,,,,,,
15684.21052631579,-10.256410256410255,False,,,,,,,
15684.21052631579,-10.205128205128204,False,,,,,,,
15684.21052631579,-10.153846153846153,False,,,,,,,
15684.21052631579,-10.102564102564102,False,,,,,,,
15684.21052631579,-10.051282051282051,False,,,,,,,
15684.21052631579,-10.0,False,,,,,,,
15789.473684210527,-12.0,False,,,,,,,
15789.473684210527,-11.948717948717949,False,,,,,,,
15789.473684210527,-11.897435897435898,False,,,,,,,
15789.473684210527,-11.846153846153847,False,,,,,,,
15789.473684210527,-11.794871794871796,False,,,,,,,
15789.473684210527,-11.743589743589745,False,,,,,,,
15789.473684210527,-11.692307692307692,False,,,,,,,
15789.473684210527,-11.64102564102564,False,,,,,,,
15789.473684210527,-11.58974358974359,False,,,,,,,
15789.473684210527,-11.538461538461538,False,,,,,,,
15789.473684210527,-11.487179487179487,False,,,,,,,
15789.473684210527,-11.435897435897436,False,,,,,,,
15789.473684210527,-11.384615384615385,False,,,,,,,
15789.473684210527,-11.333333333333334,False,,,,,,,
15789.473684210527,-11.282051282051283,False,,,,,,,
15789.473684210527,-11.23076923076923,False,,,,,,,
15789.473684210527,-11.179487179487179,False,,,,,,,
15789.473684210527,-11.128205128205128,False,,,,,,,
15789.473684210527,-11.076923076923077,False,,,,,,,
15789.473684210527,-11.025641025641026,True,500000.13138830854,128.03887815417875,3530.705679842109,8.927401332969247,457.7193562747451,297.6080558971845,160.39533371607223
15789.473684210527,-10.974358974358974,False,,,,,,,
15789.473684210527,-10.923076923076923,True,500000.06448703224,126.95002611770178,3531.2751865739383,8.822193393595056,448.1766499969748,290.3000397218619,158.34581788734087
15789.473684210527,-10.871794871794872,True,499999.8656603558,128.09721108248414,3530.5727858651744,8.733915551970869,441.8115383016774,285.1076173375769,157.07206078139905
15789.473684210527,-10.820512820512821,True,499999.8461551481,127.98590378041717,3530.91186099147,8.741451457039158,437.0152977344928,281.5698137664758,155.77284522128545
15789.473684210527,-10.76923076923077,True,500000.0619870859,127.8466055171939,3530.3826317728376,8.644808989189336,428.7346382076562,275.4242919514814,153.88528677245947
15789.473684210527,-10.717948717948719,True,499999.86759413953,127.3165273660561,3531.289214453405,8.524372777411816,419.3501233338751,268.3994535978897,151.88745716249684
15789.473684210527,-10.666666666666666,True,499999.89123527653,126.8707417421133,3531.4424195332767,8.379531052784055,410.4666168562271,260.93339453112344,150.03929640628954
15789.473684210527,-10.615384615384615,True,499999.95167297666,127.11397402499642,3531.6516070192147,8.166843774424473,396.5568643995325,250.20129511056854,147.1363888893431
15789.473684210527,-10.564102564102564,True,499999.9818473638,126.98262284050998,3531.1949998395116,7.652180286615183,373.2570921675516,231.4761093895051,142.78059256114187
15789.473684210527,-10.512820512820513,False,,,,,,,
15789.473684210527,-10.461538461538462,False,,,,,,,
15789.473684210527,-10.41025641025641,False,,,,,,,
15789.473684210527,-10.35897435897436,False,,,,,,,
15789.473684210527,-10.307692307692308,False,,,,,,,
15789.473684210527,-10.256410256410255,False,,,,,,,
15789.473684210527,-10.205128205128204,False,,,,,,,
15789.473684210527,-10.153846153846153,False,,,,,,,
15789.473684210527,-10.102564102564102,False,,,,,,,
15789.473684210527,-10.051282051282051,False,,,,,,,
15789.473684210527,-10.0,False,,,,,,,
15894.736842105263,-12.0,False,,,,,,,
15894.736842105263,-11.948717948717949,False,,,,,,,
15894.736842105263,-11.897435897435898,False,,,,,,,
15894.736842105263,-11.846153846153847,False,,,,,,,
15894.736842105263,-11.794871794871796,False,,,,,,,
15894.736842105263,-11.743589743589745,False,,,,,,,
15894.736842105263,-11.692307692307692,False,,,,,,,
15894.736842105263,-11.64102564102564,False,,,,,,,
15894.736842105263,-11.58974358974359,False,,,,,,,
15894.736842105263,-11.538461538461538,False,,,,,,,
15894.736842105263,-11.487179487179487,False,,,,,,,
15894.736842105263,-11.435897435897436,False,,,,,,,
15894.736842105263,-11.384615384615385,False,,,,,,,
15894.736842105263,-11.333333333333334,False,,,,,,,
15894.736842105263,-11.282051282051283,False,,,,,,,
15894.736842105263,-11.23076923076923,False,,,,,,,
15894.736842105263,-11.179487179487179,False,,,,,,,
15894.736842105263,-11.128205128205128,False,,,,,,,
15894.736842105263,-11.076923076923077,False,,,,,,,
15894.736842105263,-11.025641025641026,False,,,,,,,
15894.736842105263,-10.974358974358974,False,,,,,,,
15894.736842105263,-10.923076923076923,True,500000.01914474095,126.97265867564965,3531.229435868925,8.92710354923855,460.4552722895372,299.5548561405572,161.71798683024898
15894.736842105263,-10.871794871794872,True,500000.0509765288,126.78073737873956,3531.6571582520974,8.862207519954136,454.47564650573975,294.24617573273446,160.2294707730053
15894.736842105263,-10.820512820512821,True,499999.8182918731,128.127237266056,3530.7209579545697,8.83426170655976,448.3143231702681,289.9999165009776,158.78943784476442
15894.736842105263,-10.76923076923077,True,500000.0459613949,126.8399189203019,3531.527963599061,8.698957465419818,436.9544468748528,281.3692976024164,156.35965778296313
15894.736842105263,-10.717948717948719,True,499999.95177180995,129.19593845697318,3529.427902540491,8.587509050370915,429.5516396029655,275.6005177935727,154.76861344056522
15894.736842105263,-10.666666666666666,True,499999.8772548272,128.07769902343944,3530.608686343033,8.499919494089987,420.4686404731932,268.6204778201004,152.69924029423387
15894.736842105263,-10.615384615384615,True,499999.7169982476,128.06269591580667,3530.637568832645,8.22663072796529,406.14714491949906,257.14693547970154,149.79123517682712
15894.736842105263,-10.564102564102564,True,499999.9044479257,126.94165018998592,3531.283575691924,7.79767195575825,384.747150972266,240.0642752641301,145.82365281865043
15894.736842105263,-10.512820512820513,False,,,,,,,
15894.736842105263,-10.461538461538462,False,,,,,,,
15894.736842105263,-10.41025641025641,False,,,,,,,
15894.736842105263,-10.35897435897436,False,,,,,,,
15894.736842105263,-10.307692307692308,False,,,,,,,
15894.736842105263,-10.256410256410255,False,,,,,,,
15894.736842105263,-10.205128205128204,False,,,,,,,
15894.736842105263,-10.153846153846153,False,,,,,,,
15894.736842105263,-10.102564102564102,False,,,,,,,
15894.736842105263,-10.051282051282051,False,,,,,,,
15894.736842105263,-10.0,False,,,,,,,
16000.0,-12.0,False,,,,,,,
16000.0,-11.948717948717949,False,,,,,,,
16000.0,-11.897435897435898,False,,,,,,,
16000.0,-11.846153846153847,False,,,,,,,
16000.0,-11.794871794871796,False,,,,,,,
16000.0,-11.743589743589745,False,,,,,,,
16000.0,-11.692307692307692,False,,,,,,,
16000.0,-11.64102564102564,False,,,,,,,
16000.0,-11.58974358974359,False,,,,,,,
16000.0,-11.538461538461538,False,,,,,,,
16000.0,-11.487179487179487,False,,,,,,,
16000.0,-11.435897435897436,False,,,,,,,
16000.0,-11.384615384615385,False,,,,,,,
16000.0,-11.333333333333334,False,,,,,,,
16000.0,-11.282051282051283,False,,,,,,,
16000.0,-11.23076923076923,False,,,,,,,
16000.0,-11.179487179487179,False,,,,,,,
16000.0,-11.128205128205128,False,,,,,,,
16000.0,-11.076923076923077,False,,,,,,,
16000.0,-11.025641025641026,False,,,,,,,
16000.0,-10.974358974358974,True,499999.89542976674,126.89159465049943,3531.404793414331,9.108310004636746,477.5314080232869,311.7231912209235,165.80821680236335
16000.0,-10.923076923076923,True,500000.0513903,127.78326431274627,3530.504358337044,9.068314530672723,473.0269785631135,309.00324935865905,165.06618957292486
16000.0,-10.871794871794872,True,500000.06053601234,127.55526710154481,3530.895115780415,8.991162756200271,466.69831843601037,303.3624345276202,163.33588390839012
16000.0,-10.820512820512821,True,499999.9193767854,128.1215646137448,3530.752025513607,8.983328707627317,460.1672102679835,299.00607572546886,161.766699892478
16000.0,-10.76923076923077,True,499999.822340769,127.96151440470021,3530.863376207537,8.822723342721313,449.2366092161543,290.66850874930776,159.54977107255854
16000.0,-10.717948717948719,True,499999.8009867732,127.86987747040621,3530.32908203471,8.72250560401329,443.6439772334586,285.9784095523209,158.25476951973474
16000.0,-10.666666666666666,True,499999.84566327726,126.92486694098807,3531.321615114969,8.540760708870364,427.96616761241205,273.95220583219333,154.96415119663615
16000.0,-10.615384615384615,True,500000.1255645445,127.19190241695242,3531.5060682247663,8.309758098079065,415.524975792656,264.0550650628896,152.35354615092155
16000.0,-10.564102564102564,True,499999.80924551433,129.01528662733972,3529.7862690086927,7.850121727653188,393.1766435726165,246.1308914440441,148.31172172145824
16000.0,-10.512820512820513,False,,,,,,,
16000.0,-10.461538461538462,False,,,,,,,
16000.0,-10.41025641025641,False,,,,,,,
16000.0,-10.35897435897436,False,,,,,,,
16000.0,-10.307692307692308,False,,,,,,,
16000.0,-10.256410256410255,False,,,,,,,
16000.0,-10.205128205128204,False,,,,,,,
16000.0,-10.153846153846153,False,,,,,,,
16000.0,-10.102564102564102,False,,,,,,,
16000.0,-10.051282051282051,False,,,,,,,
16000.0,-10.0,False,,,,,,,
